area_type,location,size,total_sqft,bath,balcony,price
Super built-up  Area,Addagutta,2 BHK,1056,2,1,39.07
Plot  Area,Adibatla,4 Bedroom,2600,5,3,120
Built-up  Area,Alkapuri,3 BHK,1440,2,3,62
Super built-up  Area,Ambedkar Nagar,3 BHK,1521,3,1,95
Super built-up  Area,Ameerpet,2 BHK,1200,2,1,51
Super built-up  Area,Aminpur,2 BHK,1170,2,1,38
Super built-up  Area,Anjaiah Nagar,4 BHK,2732,4,,204
Super built-up  Area,Anjaneya Nagar,4 BHK,3300,4,,600
Super built-up  Area,Appa Junction,3 BHK,1310,3,1,63.25
Plot  Area,Arunodaya Colony,6 Bedroom,1020,6,,370
Super built-up  Area,Attapur,3 BHK,1800,2,2,70
Plot  Area,Ayyappa Society,4 Bedroom,2785,5,3,295
Super built-up  Area,Bachupally,2 BHK,1000,2,1,38
Built-up  Area,Balaji Hills Colony,2 BHK,1100,2,2,40
Plot  Area,Bandam Kommu,3 Bedroom,2250,3,2,148
Super built-up  Area,Bandlaguda,2 BHK,1175,2,2,73.5
Super built-up  Area,Bowenpally,3 BHK,1180,3,2,73.5
Super built-up  Area,Bangalore Highway,3 BHK,1540,3,3,60
Super built-up  Area,Banjara Hills,3 BHK,2770,4,2,290
Super built-up  Area,Beeramguda,2 BHK,1100,2,2,48
Built-up  Area,Begumpet,1 BHK,600,1,1,15
Super built-up  Area,Boduppal,3 BHK,1755,3,1,122
Plot  Area,Camelot Layout,4 Bedroom,2800,5,2,380
Super built-up  Area,Chandanagar,3 BHK,1767,3,1,103
Super built-up  Area,D.D. Colony,1 RK,510,1,0,25.25
Super built-up  Area,Devender Colony,3 BHK,1250,3,2,56
Super built-up  Area,Dilsukh Nagar,2 BHK,660,1,1,23.1
Built-up  Area,Dullapally,3 BHK,1610,3,2,81
Super built-up  Area,Film Nagar,2 BHK,1151,2,2,48.77
Super built-up  Area,Financial District,3 BHK,1025,2,1,47
Super built-up  Area,Friends Colony,4 BHK,2100 - 2850,4,0,186
Super built-up  Area,Gachibowli,3 BHK,1075,2,1,35
Super built-up  Area,Gajulramaram,3 BHK,1760,2,2,123
Super built-up  Area,Gandhi Nagar,3 BHK,1693,3,3,57.39
Built-up  Area,Gangaram,3 BHK,1925,3,,125
Super built-up  Area,Gopanpally,2 BHK,700,2,1,36
Super built-up  Area,Hafeezpet,2 BHK,1070,2,1,45.5
Super built-up  Area,Hanuman Nagar,3 BHK,1724,3,2,125
Super built-up  Area,Harithavanam Colony,3 BHK,1290,2,2,56.12
Built-up  Area,Hi-Tech City,2 BHK,1143,2,2,45
Built-up  Area,Himayat Nagar,2 BHK,1296,2,,81
Super built-up  Area,HMT Swarnapuri Colony,3 BHK,1254,3,2,38
Super built-up  Area,Huda Layout,1 BHK,600,1,0,38
Plot  Area,Hyder Nagar,1 Bedroom,660,1,0,48
Super built-up  Area,Hydershakote,2 BHK,1330.74,2,2,91.79
Plot  Area,Indira Nagar,8 Bedroom,600,9,,200
Super built-up  Area,Isnapur,2 BHK,970,2,0,33
Super built-up  Area,Jagruthi Colony,2 BHK,1459,2,1,94.82
Plot  Area,Jai Bharat Nagar,2 Bedroom,800,1,1,130
Built-up  Area,Janardana Hills,2 BHK,869,2,1,36
Super built-up  Area,Jubilee Hills,2 BHK,1270,2,1,50
Super built-up  Area,Kapra,3 BHK,1670,3,1,99
Built-up  Area,Kavuri Hills,3 BHK,2010,3,2,91
Super built-up  Area,Khairatabad,2 BHK,1185,2,2,75
Super built-up  Area,Khajaguda,3 BHK,1600,2,3,75
Super built-up  Area,Kistareddypet,2 BHK,1200,2,2,44
Built-up  Area,Kokapet,4 Bedroom,3010 - 3410,,,192
Super built-up  Area,Kollur,2 BHK,1500,2,2,185
Plot  Area,Kollur Village,6 Bedroom,1407,4,1,150
Super built-up  Area,Kondapur,2 BHK,840,2,2,45
Plot  Area,Kothaguda,3 Bedroom,4395,3,2,240
Super built-up  Area,Kothapet,2 BHK,845,2,1,55
Plot  Area,KPHB,4 Bedroom,5700,5,3,650
Built-up  Area,Krishna Reddy Pet,2 BHK,1160,2,2,44
Built-up  Area,Krushi Nagar,8 Bedroom,3000,8,0,140
Super built-up  Area,Kukatpally,2 BHK,1100,2,1,62
Super built-up  Area,Kundanbagh,2 BHK,1140,2,3,43
Super built-up  Area,Lakdi-Ka-Pool,2 BHK,1220,2,1,57
Plot  Area,Lanco Hills,8 Bedroom,1350,7,0,85
Super built-up  Area,Laxmi Nagar,2 BHK,1005,2,1,36.68
Plot  Area,LB Nagar,3 Bedroom,500,3,2,100
Super built-up  Area,Lingampally,2 BHK,1358,2,1,80.58
Super built-up  Area,Madhapur,3 BHK,1569,3,1,101
Super built-up  Area,Madhura Nagar,2 BHK,1240,2,1,70
Super built-up  Area,Madinaguda,3 BHK,2089,3,2,140
Super built-up  Area,Mallampet,2 BHK,1206,2,1,48.23
Super built-up  Area,Manikonda,2 BHK,1150,2,3,40
Built-up  Area,Masab Tank,3 BHK,2511,3,3,205
Built-up  Area,Masjid Banda,2 BHK,460,1,0,22
Built-up  Area,Matrusri Nagar,6 Bedroom,4400,6,3,250
Super built-up  Area,Mayuri Nagar,3 BHK,1660,2,2,105
Built-up  Area,Medipally,4 Bedroom,2957 - 3450,,,224.5
Super built-up  Area,Meerpet,2 BHK,1326,2,2,78
Super built-up  Area,Mehdipatnam,3 BHK,1325,2,2,60.8
Super built-up  Area,Miyapur,3 BHK,1499,5,2,102
Built-up  Area,Moosapet,6 Bedroom,3000,7,2,210
Super built-up  Area,Moti Nagar,3 BHK,1665,3,2,88
Super built-up  Area,Muppas Panchavati Colony,2 BHK,708,2,2,37
Super built-up  Area,Muzaffar Ahmad Nagar,2 BHK,1060,2,2,58.06
Plot  Area,Mythri Nagar,6 Bedroom,710,6,3,160
Built-up  Area,Nagaram,2 BHK,1000,2,2,70
Super built-up  Area,Nagole,2 BHK,1000,2,1,28.88
Super built-up  Area,Nallagandla,3 BHK,1450,2,2,70
Plot  Area,Nallakunta,4 Bedroom,1200,4,2,155
Super built-up  Area,Nanakramguda,2 BHK,1296,2,3,80
Super built-up  Area,Narsingi,3 BHK,1540,3,2,90
Plot  Area,Navodaya Colony,4 Bedroom,2894,4,1,245
Super built-up  Area,Neknampur,3 BHK,1330,2,1,48
Built-up  Area,New Sai Nagar Colony,2 BHK,1200,2,1,65
Built-up  Area,Nizampet,3 Bedroom,1200,3,1,90
Super built-up  Area,Osman Nagar,3 BHK,2502,3,3,138
Built-up  Area,OU Colony,2 BHK,650,1,1,17
Plot  Area,Paparayadu Nagar,3 Bedroom,2400,2,1,150
Super built-up  Area,Patancheru,2 BHK,1007,2,2,43
Super built-up  Area,Patighanpur,2 BHK,1200,2,2,50
Super built-up  Area,Peerzadiguda,2 BHK,966,2,2,49.9
Built-up  Area,P Janardhan Reddy Nagar,3 BHK,1630,2,1,98
Built-up  Area,PJR Layout,3 BHK,1640,3,2,229
Built-up  Area,Pocharam,2 BHK,782,2,2,55.68
Super built-up  Area,Pragati Nagar,2 BHK,1260,2,2,66.78
Super built-up  Area,Prakash Nagar,3 BHK,1800,3,3,120
Super built-up  Area,Puppalaguda,3 BHK,1413,2,2,75
Super built-up  Area,Qutbullapur,2 BHK,1116,2,1,51.91
Super built-up  Area,Raghavendra Colony,3 BHK,1530,2,1,45.9
Built-up  Area,Rajarajeshwari Nagar,4 Bedroom,3700,4,1,225
Built-up  Area,Rajendra Nagar,3 Bedroom,2497,3,2,140
Super built-up  Area,Ramchandrapuram,3 BHK,1540,2,3,64
Super built-up  Area,Reti Bowli,3 BHK,1436,3,1,74.75
Super built-up  Area,Sanath Nagar,2 BHK,1100,2,2,75
Plot  Area,Sanjeeva Reddy Nagar,2 Bedroom,276,3,3,23
Super built-up  Area,Sardar Patel Nagar,3 BHK,1427,3,2,120
Super built-up  Area,Saroor Nagar,3 BHK,2061,3,1,200
Super built-up  Area,Secretariat Colony,4 BHK,3067 - 8156,4,0,477
Built-up  Area,Serlingampally,4 BHK,2650,4,2,150
Super built-up  Area,Shaikpet,3 BHK,1282,2,2,68.52
Built-up  Area,Shamshabad,2 BHK,1050,2,1,34
Built-up  Area,Shilpa Hills,3 BHK,1600,3,2,65
Super built-up  Area,Shilpa Nagar,2 BHK,945,2,1,54
Super built-up  Area,Shirdi Sai Nagar,2 BHK,1500,2,1,78
Plot  Area,Somajiguda,7 Bedroom,950,7,0,115
Built-up  Area,Sri Balaji Layout,3 BHK,1870,3,3,110
Plot  Area,Srinagar Colony,3 Bedroom,1600,3,1,75
Super built-up  Area,Sri Nagar Colony,2 BHK,880,1,1,16.5
Plot  Area,Sun City,4 Bedroom,1200,4,0,210
Super built-up  Area,Tellapur,3 BHK,1535,3,2,83
Built-up  Area,Tolichowki,2 BHK,950,2,1,57
Super built-up  Area,Tukkuguda,2 BHK,1360,2,1,65
Super built-up  Area,Upparpally,2 BHK,1042 - 1105,2,0,54.005
Super built-up  Area,Vasantha Nagar,3 BHK,1280,3,1,50.4
Super built-up  Area,Vasanth Nagar,3 BHK,1260,2,2,85.05
Built-up  Area,Vasanth Nagar Colony,8 Bedroom,5000,8,,250
Super built-up  Area,Venkatraya Nagar,5 BHK,3050,5,1,213
Super built-up  Area,Vittal Rao Nagar,3 BHK,1563.05,3,1,105
Super built-up  Area,Whitefield,2 BHK,1000,2,1,60
Super built-up  Area,YousufGuda,2 BHK,1167,2,1,43.76
Super built-up  Area,Addagutta,7 BHK,4000,7,2,225
Super built-up  Area,Adibatla,3 BHK,1828,3,,110
Super built-up  Area,Alkapuri,2 BHK,890,2,1,35
Super built-up  Area,Ambedkar Nagar,3 BHK,1612,3,3,46.74
Plot  Area,Ameerpet,6 Bedroom,1034,5,,185
Super built-up  Area,Aminpur,3 BHK,1710,4,2,91.31
Super built-up  Area,Anjaiah Nagar,2 BHK,957,2,1,58
Super built-up  Area,Anjaneya Nagar,3 BHK,1250,2,3,44
Super built-up  Area,Appa Junction,3 BHK,2795,4,,235
Super built-up  Area,Arunodaya Colony,2 BHK,1125,2,2,50
Super built-up  Area,Attapur,2 BHK,1020,2,1,30.6
Super built-up  Area,Ayyappa Society,2 BHK,1200,2,2,50
Super built-up  Area,Bachupally,3 BHK,1735,3,3,135
Super built-up  Area,Balaji Hills Colony,3 BHK,2050,3,1,145
Plot  Area,Bandam Kommu,4 Bedroom,3750,4,0,760
Built-up  Area,Bandlaguda,3 BHK,1350,2,3,48
Super built-up  Area,Bangalore Highway,2 BHK,1063,2,1,32
Super built-up  Area,Banjara Hills,3 BHK,1904,3,1,150
Built-up  Area,bowenpally,4 Bedroom,4200,4,2,420
Super built-up  Area,Beeramguda,3 BHK,2000,3,1,175
Super built-up  Area,Begumpet,2 BHK,1145 - 1340,2,0,43.49
Super built-up  Area,Boduppal,3 BHK,1425,2,2,75
Super built-up  Area,Camelot Layout,3 BHK,1500,2,1,64.5
Built-up  Area,Chandanagar,2 BHK,1060,2,1,60
Built-up  Area,D.D. Colony,3 BHK,1470,2,2,70
Super built-up  Area,Devender Colony,6 BHK,1300,6,0,99
Super built-up  Area,Dilsukh Nagar,1 BHK,450,1,1,11
Super built-up  Area,Dullapally,2 BHK,1152,2,1,64.5
Super built-up  Area,Film Nagar,3 BHK,1350,2,1,56
Super built-up  Area,Financial District,3 BHK,1550,3,3,65
Plot  Area,Friends Colony,3 Bedroom,1500,3,2,100
Plot  Area,Gachibowli,5 Bedroom,600,3,2,85
Plot  Area,Gajulramaram,1 Bedroom,400,1,0,14
Super built-up  Area,Gandhi Nagar,1 BHK,705,1,2,67
Built-up  Area,Gangaram,2 BHK,770,1,1,36
Super built-up  Area,Gopanpally,2 BHK,1242,2,3,51
Super built-up  Area,Hafeezpet,3 BHK,1700,3,2,155
Super built-up  Area,Hanuman Nagar,3 BHK,2144,3,2,145
Super built-up  Area,Harithavanam Colony,3 BHK,1704,3,2,110
Super built-up  Area,Hi-Tech City,2 BHK,1070,2,1,52
Plot  Area,Himayat Nagar,3 Bedroom,1846,3,2,300
Super built-up  Area,HMT Swarnapuri Colony,2 BHK,1340,2,2,55.7
Built-up  Area,Huda Layout,2 BHK,1025,2,1,46
Super built-up  Area,Hyder Nagar,2 BHK,1015 - 1540,2,0,56.8
Super built-up  Area,Hydershakote,2 BHK,1200,2,2,52
Built-up  Area,Indira Nagar,4 Bedroom,2250,4,1,110
Super built-up  Area,Isnapur,3 BHK,1550,2,3,80
Plot  Area,Jagruthi Colony,4 Bedroom,1200,5,,325
Plot  Area,Jai Bharat Nagar,7 Bedroom,1800,7,1,250
Super built-up  Area,Janardana Hills,2 BHK,1200,2,2,60
Super built-up  Area,Jubilee Hills,2 BHK,1327,2,2,98
Super built-up  Area,Kapra,2 BHK,1186,2,2,58
Built-up  Area,Kavuri Hills,3 Bedroom,1783,3,1,115
Super built-up  Area,Khairatabad,3 BHK,1400,3,2,56
Super built-up  Area,Khajaguda,2 BHK,980,2,1,48
Super built-up  Area,Kistareddypet,2 BHK,1285,2,2,82
Super built-up  Area,Kokapet,3 BHK,912,2,1,70
Built-up  Area,Kollur,2 BHK,1225,2,2,47.6
Super built-up  Area,Kollur Village,2 BHK,1075,2,1,53
Built-up  Area,Kondapur,3 BHK,1260,2,2,54
Super built-up  Area,Kothaguda,3 BHK,1282,2,2,48.7
Super built-up  Area,Kothapet,3 BHK,1909,3,2,88
Super built-up  Area,KPHB,2 BHK,1359,2,1,87
Built-up  Area,Krishna Reddy Pet,2 BHK,1207,2,2,43.5
Plot  Area,Krushi Nagar,4 Bedroom,1736,6,0,190
Super built-up  Area,Kukatpally,4 BHK,2850,4,1,428
Super built-up  Area,Kundanbagh,3 BHK,1595,3,2,65
Built-up  Area,Lakdi-Ka-Pool,3 BHK,1798,3,2,89
Super built-up  Area,Lanco Hills,3 BHK,1475,3,2,78.29
Super built-up  Area,Laxmi Nagar,3 BHK,1580,3,3,100
Super built-up  Area,LB Nagar,2 BHK,1295,2,1,65
Built-up  Area,Lingampally,6 Bedroom,3600,6,0,141
Super built-up  Area,Madhapur,1 BHK,589,1,1,27
Super built-up  Area,Madhura Nagar,3 BHK,1415,3,3,78
Super built-up  Area,Madinaguda,3 BHK,1787,3,2,98.29
Super built-up  Area,Mallampet,3 BHK,1787,3,2,125
Super built-up  Area,Manikonda,3 BHK,1475,2,3,90
Built-up  Area,Masab Tank,4 BHK,2000,4,1,75.5
Super built-up  Area,Masjid Banda,2 BHK,984,2,1,44.28
Super built-up  Area,Matrusri Nagar,3 BHK,1520 - 1740,,,74.82
Super built-up  Area,Mayuri Nagar,3 BHK,2405,4,2,260
Built-up  Area,Medipally,2 BHK,1080,2,2,72
Plot  Area,Meerpet,2 Bedroom,1500,2,1,115
Super built-up  Area,Mehdipatnam,3 BHK,1900,3,2,119
Super built-up  Area,Miyapur,2 BHK,805,2,1,22.14
Super built-up  Area,Moosapet,2 BHK,1153,2,2,56.4
Super built-up  Area,Moti Nagar,2 BHK,1148,2,2,60
Super built-up  Area,Muppas Panchavati Colony,2 BHK,1110,2,2,55
Built-up  Area,Muzaffar Ahmad Nagar,2 BHK,1100,2,2,42
Super built-up  Area,Mythri Nagar,2 BHK,1290,2,2,110
Super built-up  Area,Nagaram,3 BHK,1500,2,1,65
Super built-up  Area,Nagole,2 BHK,1080,2,2,39
Super built-up  Area,Nallagandla,3 BHK,1933,3,1,129
Built-up  Area,Nallakunta,5 Bedroom,3500,5,2,150
Built-up  Area,Nanakramguda,2 BHK,1060,2,2,60
Super built-up  Area,Narsingi,1 BHK,645,1,1,16.45
Plot  Area,Navodaya Colony,8 Bedroom,2600,8,2,180
Super built-up  Area,Neknampur,1 BHK,645,1,1,16.45
Super built-up  Area,New Sai Nagar Colony,3 BHK,1644,3,3,84
Super built-up  Area,Nizampet,2 BHK,1285,2,3,72.5
Plot  Area,Osman Nagar,3 Bedroom,1200,3,1,90
Super built-up  Area,OU Colony,2 BHK,910,2,1,40
Super built-up  Area,Paparayadu Nagar,3 BHK,1577,3,1,70
Plot  Area,Patancheru,3 Bedroom,4050,3,2,280
Super built-up  Area,Patighanpur,3 BHK,2420,3,2,185
Super built-up  Area,Peerzadiguda,2 BHK,800,1,1,20
Built-up  Area,P Janardhan Reddy Nagar,2 BHK,1060,2,2,55
Super built-up  Area,PJR Layout,2 BHK,1270,2,2,93
Super built-up  Area,Pocharam,2 BHK,900,2,2,22.5
Built-up  Area,Pragati Nagar,2 Bedroom,1280,2,1,69
Plot  Area,Prakash Nagar,4 Bedroom,1200,2,0,95
Built-up  Area,Puppalaguda,2 BHK,1025,2,2,36
Super built-up  Area,Qutbullapur,2 BHK,1108,2,1,63
Plot  Area,Raghavendra Colony,5 Bedroom,1200,5,,170
Super built-up  Area,Rajarajeshwari Nagar,3 BHK,3045,3,2,170
Plot  Area,Rajendra Nagar,4 Bedroom,2900,3,2,300
Super built-up  Area,Ramchandrapuram,3 BHK,1500,3,2,75.5
Super built-up  Area,Reti Bowli,2 BHK,1295,2,2,43.9
Super built-up  Area,Sanath Nagar,2 BHK,1162,2,1,59.9
Super built-up  Area,Sanjeeva Reddy Nagar,2 BHK,1035,2,2,49.2
Built-up  Area,Sardar Patel Nagar,4 Bedroom,1600,4,0,52.8
Super built-up  Area,Saroor Nagar,3 BHK,1464,3,2,46
Super built-up  Area,Secretariat Colony,3 BHK,1866,2,2,61.58
Super built-up  Area,Serlingampally,2 BHK,700,1,1,26
Super built-up  Area,Shaikpet,3 BHK,1804,3,2,120
Super built-up  Area,Shamshabad,2 BHK,913,2,1,32
Super built-up  Area,Shilpa Hills,3 BHK,1868,3,2,131
Built-up  Area,Shilpa Nagar,2 BHK,883,2,1,45
Plot  Area,Shirdi Sai Nagar,2 Bedroom,900,2,1,110
Super built-up  Area,Somajiguda,3 BHK,1664,2,3,73.95
Super built-up  Area,Sri Balaji Layout,3 BHK,2026,3,2,132
Super built-up  Area,Srinagar Colony,2 BHK,1210,2,1,80.9
Plot  Area,Sri Nagar Colony,4 Bedroom,4111,4,2,250
Super built-up  Area,Sun City,3 BHK,1762,3,3,91.45
Super built-up  Area,Tellapur,3 BHK,1252,3,3,55
Built-up  Area,Tolichowki,2 BHK,861,2,1,34.5
Built-up  Area,Tukkuguda,3 BHK,1420,2,1,100
Plot  Area,Upparpally,6 Bedroom,1450,6,0,250
Built-up  Area,Vasantha Nagar,3 BHK,1490,3,1,78.8
Super built-up  Area,Vasanth Nagar,3 BHK,1075,2,1,46
Super built-up  Area,Vasanth Nagar Colony,3 BHK,1425,2,2,94
Built-up  Area,Venkatraya Nagar,2 BHK,1200,2,1,40
Super built-up  Area,Vittal Rao Nagar,3 BHK,1280,2,2,56
Super built-up  Area,Whitefield,2 BHK,1084,2,2,50
Super built-up  Area,YousufGuda,2 BHK,1015,2,2,25.88
Super built-up  Area,Addagutta,2 BHK,1017,2,1,51.25
Super built-up  Area,Adibatla,2 BHK,1027,2,2,44
Super built-up  Area,Alkapuri,2 BHK,1069,2,2,45
Super built-up  Area,Ambedkar Nagar,2 BHK,1349,2,1,98.2
Super built-up  Area,Ameerpet,2 BHK,1005,2,1,50
Super built-up  Area,Aminpur,2 BHK,1417,2,3,75
Plot  Area,Anjaiah Nagar,3 Bedroom,1475,3,1,98
Carpet  Area,Anjaneya Nagar,2 BHK,950,2,2,47
Super built-up  Area,Appa Junction,4 BHK,2000,4,0,120
Plot  Area,Arunodaya Colony,3 Bedroom,880,3,1,140
Super built-up  Area,Attapur,4 BHK,1863,3,2,104
Super built-up  Area,Ayyappa Society,2 BHK,1010,2,1,29.5
Super built-up  Area,Bachupally,3 BHK,1425,2,1,70
Super built-up  Area,Balaji Hills Colony,3 BHK,1450,3,0,100
Super built-up  Area,Bandam Kommu,3 BHK,1847,3,2,105
Super built-up  Area,Bandlaguda,2 BHK,1100,2,3,45
Super built-up  Area,Bangalore Highway,1 BHK,525,1,1,26
Super built-up  Area,Banjara Hills,3 BHK,1665,3,2,95
Super built-up  Area,Beeramguda,4 BHK,1664,4,3,65
Super built-up  Area,Begumpet,3 BHK,1850,3,3,150
Super built-up  Area,Boduppal,2 BHK,1438,2,3,100
Super built-up  Area,Camelot Layout,3 BHK,1560,3,3,115
Super built-up  Area,Chandanagar,2 BHK,1350,2,1,55.55
Super built-up  Area,D.D. Colony,3 BHK,1550,3,3,67
Super built-up  Area,Devender Colony,2 BHK,1140,2,2,46.5
Plot  Area,Dilsukh Nagar,5 Bedroom,1200,5,2,180
Super built-up  Area,Dullapally,2 BHK,850,2,2,27
Super built-up  Area,Film Nagar,2 BHK,1280,2,2,75
Built-up  Area,Financial District,2 BHK,1170,2,2,52
Super built-up  Area,Friends Colony,2 BHK,1113,2,1,51
Super built-up  Area,Gachibowli,2 BHK,1385,2,1,83.09
Super built-up  Area,Gajulramaram,2 BHK,1128,2,1,65
Plot  Area,Gandhi Nagar,2 Bedroom,1200,2,2,128
Plot  Area,Gangaram,4 Bedroom,1200,4,3,165
Super built-up  Area,Gopanpally,3 BHK,2390,3,2,415
Plot  Area,Hafeezpet,4 Bedroom,2400,4,1,400
Super built-up  Area,Hanuman Nagar,3 BHK,1464,3,2,56
Super built-up  Area,Harithavanam Colony,2 BHK,1200,2,2,55
Super built-up  Area,Hi-Tech City,2 BHK,1200,2,2,52
Super built-up  Area,Himayat Nagar,3 BHK,1150,2,1,55
Built-up  Area,HMT Swarnapuri Colony,3 BHK,1645,3,2,95
Super built-up  Area,Huda Layout,2 BHK,1000,2,1,67
Plot  Area,Hyder Nagar,4 Bedroom,2650,4,2,198
Super built-up  Area,Hydershakote,2 BHK,1192,2,2,74
Super built-up  Area,Indira Nagar,3 BHK,2135,3,2,215
Super built-up  Area,Isnapur,2 BHK,1173,2,1,58
Built-up  Area,Jagruthi Colony,2 BHK,1020,2,2,45
Super built-up  Area,Jai Bharat Nagar,4 BHK,3122,6,2,230
Super built-up  Area,Janardana Hills,3 BHK,1600,3,3,64
Plot  Area,Jubilee Hills,2 Bedroom,1200,2,0,79
Carpet  Area,Kapra,2 BHK,1230,2,3,48
Super built-up  Area,Kavuri Hills,2 BHK,1250,2,2,40
Super built-up  Area,Khairatabad,2 BHK,1325,2,2,76
Built-up  Area,Khajaguda,3 BHK,1850,3,1,150
Super built-up  Area,Kistareddypet,1 BHK,525,,,21.53
Super built-up  Area,Kokapet,2 BHK,1200,2,2,65
Plot  Area,Kollur,3 Bedroom,1350,2,0,140
Super built-up  Area,Kollur Village,3 BHK,1260,3,1,49.36
Super built-up  Area,Kondapur,3 BHK,1800,3,0,150
Plot  Area,Kothaguda,3 Bedroom,11,3,2,74
Built-up  Area,Kothapet,2 BHK,1100,2,1,43.25
Super built-up  Area,KPHB,2 BHK,1508,2,1,77
Carpet  Area,Krishna Reddy Pet,3 BHK,1592,3,2,75
Super built-up  Area,Krushi Nagar,2 BHK,1388,2,3,57
Super built-up  Area,Kukatpally,1 BHK,630,1,1,28.35
Plot  Area,Kundanbagh,3 Bedroom,2000,3,2,365
Super built-up  Area,Lakdi-Ka-Pool,3 BHK,1762,3,1,125
Super built-up  Area,Lanco Hills,2 BHK,950,2,2,50
Super built-up  Area,Laxmi Nagar,4 BHK,3252,5,3,335
Super built-up  Area,LB Nagar,2 BHK,1116,2,1,50
Super built-up  Area,Lingampally,2 BHK,1308,2,2,89.04
Super built-up  Area,Madhapur,3 BHK,1200,3,0,90
Plot  Area,Madhura Nagar,4 Bedroom,1500,4,2,230
Built-up  Area,Madinaguda,1 BHK,500,1,1,18.5
Super built-up  Area,Mallampet,2 BHK,1075,2,1,52
Super built-up  Area,Manikonda,1 BHK,530,1,0,11.66
Built-up  Area,Masab Tank,2 BHK,1205,2,3,66
Super built-up  Area,Masjid Banda,2 BHK,1075,2,2,60
Built-up  Area,Matrusri Nagar,2 BHK,930,2,2,39
Super built-up  Area,Mayuri Nagar,2 BHK,1380,2,1,60
Super built-up  Area,Medipally,4 BHK,2483,5,2,212
Built-up  Area,Meerpet,2 BHK,1166,2,2,55
Super built-up  Area,Mehdipatnam,2 BHK,1050,2,1,65
Super built-up  Area,Miyapur,3 BHK,2023.71,3,2,275
Super built-up  Area,Moosapet,2 BHK,1200,2,2,46.8
Super built-up  Area,Moti Nagar,3 BHK,1600,2,1,108
Super built-up  Area,Muppas Panchavati Colony,3 BHK,1935,3,2,110
Super built-up  Area,Muzaffar Ahmad Nagar,1 BHK,451,1,0,29.9
Super built-up  Area,Mythri Nagar,3 BHK,1800,3,2,95
Super built-up  Area,Nagaram,3 BHK,1400,3,0,77
Super built-up  Area,Nagole,3 BHK,1801,3,2,115
Built-up  Area,Nallagandla,2 BHK,1451,2,,90
Plot  Area,Nallakunta,2 Bedroom,1200,1,1,36
Super built-up  Area,Nanakramguda,2 BHK,1160,2,2,44
Built-up  Area,Narsingi,2 BHK,1000,2,1,25
Super built-up  Area,Navodaya Colony,2 BHK,950,2,1,40
Built-up  Area,Neknampur,3 BHK,1629,3,2,79
Built-up  Area,New Sai Nagar Colony,3 BHK,1580,2,0,134
Super built-up  Area,Nizampet,3 BHK,1826,3,2,121
Built-up  Area,Osman Nagar,2 BHK,1245,2,1,94
Super built-up  Area,OU Colony,2 BHK,1145,2,2,45.79
Super built-up  Area,Paparayadu Nagar,2 BHK,825,2,1,33
Super built-up  Area,Patancheru,3 BHK,1693,3,3,108
Super built-up  Area,Patighanpur,2 BHK,1113.27,2,2,53
Built-up  Area,Peerzadiguda,2 BHK,1460,2,1,58
Built-up  Area,P Janardhan Reddy Nagar,2 BHK,1050,2,1,32
Built-up  Area,PJR Layout,2 BHK,1260,2,2,55
Super built-up  Area,Pocharam,6 BHK,700,3,,120
Built-up  Area,Pragati Nagar,2 BHK,1656,2,1,120
Super built-up  Area,Prakash Nagar,3 BHK,1208,3,1,45
Super built-up  Area,Puppalaguda,3 BHK,1910,3,2,161
Super built-up  Area,Qutbullapur,4 BHK,3252,4,1,230
Plot  Area,Raghavendra Colony,2 Bedroom,1200,2,1,65
Super built-up  Area,Rajarajeshwari Nagar,4 BHK,1200,4,1,175
Super built-up  Area,Rajendra Nagar,2 BHK,1175,2,1,82
Plot  Area,Ramchandrapuram,2 Bedroom,1000,2,0,165
Plot  Area,Reti Bowli,4 Bedroom,1200,2,0,125
Super built-up  Area,Sanath Nagar,3 BHK,2390,3,2,410
Super built-up  Area,Sanjeeva Reddy Nagar,7 BHK,12000,6,3,2200
Plot  Area,Sardar Patel Nagar,2 Bedroom,550,1,1,62
Super built-up  Area,Saroor Nagar,1 BHK,34.46Sq. Meter,1,0,18.5
Super built-up  Area,Secretariat Colony,2 BHK,1185,2,,38
Super built-up  Area,Serlingampally,2 BHK,750,2,1,38
Plot  Area,Shaikpet,6 Bedroom,1200,7,3,250
Super built-up  Area,Shamshabad,3 BHK,1550,3,3,64.5
Built-up  Area,Shilpa Hills,3 BHK,1760,3,2,88
Super built-up  Area,Shilpa Nagar,2 BHK,1125,2,2,62
Plot  Area,Shirdi Sai Nagar,3 Bedroom,1350,3,2,150
Plot  Area,Somajiguda,2 Bedroom,1000,2,1,55
Built-up  Area,Sri Balaji Layout,2 BHK,1090,2,2,31.48
Plot  Area,Srinagar Colony,2 Bedroom,1200,2,0,60
Super built-up  Area,Sri Nagar Colony,3 BHK,1991,4,2,103
Super built-up  Area,Sun City,2 BHK,1060,2,1,26.5
Super built-up  Area,Tellapur,2 BHK,1105,2,1,75
Built-up  Area,Tolichowki,2 BHK,985,2,2,67
Plot  Area,Tukkuguda,6 Bedroom,1533,5,3,85
Super built-up  Area,Upparpally,3 BHK,1590,3,2,79
Super built-up  Area,Vasantha Nagar,2 BHK,1120,2,2,55
Super built-up  Area,Vasanth Nagar,2 BHK,1069,2,1,55
Super built-up  Area,Vasanth Nagar Colony,3 BHK,1933,3,2,140
Built-up  Area,Venkatraya Nagar,2 BHK,1194,2,0,69
Super built-up  Area,Vittal Rao Nagar,2 BHK,1150,2,3,69
Super built-up  Area,Whitefield,2 BHK,1240,2,2,47.12
Super built-up  Area,YousufGuda,2 BHK,1419,2,2,48.1
Plot  Area,Addagutta,8 Bedroom,1200,8,,250
Super built-up  Area,Adibatla,3 BHK,2150,4,,240
Super built-up  Area,Alkapuri,3 BHK,1450,3,2,55
Super built-up  Area,Ambedkar Nagar,3 BHK,1630,3,2,68.29
Super built-up  Area,Ameerpet,2 BHK,708,1,1,40
Plot  Area,Aminpur,3 Bedroom,1000,4,3,110
Plot  Area,Anjaiah Nagar,4 Bedroom,11890,4,3,700
Super built-up  Area,Anjaneya Nagar,2 BHK,1250,2,1,76
Super built-up  Area,Appa Junction,3 BHK,1400,2,1,95
Super built-up  Area,Arunodaya Colony,3 BHK,1670,2,3,57
Super built-up  Area,Attapur,3 BHK,1750,3,2,100
Super built-up  Area,Ayyappa Society,2 BHK,1404,2,1,71
Super built-up  Area,Bachupally,3 BHK,1715,2,2,95
Built-up  Area,Balaji Hills Colony,1 BHK,630,1,1,34.65
Super built-up  Area,Bandam Kommu,3 BHK,1752.12,3,2,135
Super built-up  Area,Bandlaguda,3 BHK,1650,3,2,78
Super built-up  Area,bowenpally,2 BHK,1295,2,1,55.47
Plot  Area,Bangalore Highway,3 Bedroom,1800,3,2,252
Super built-up  Area,Banjara Hills,2 BHK,1346,2,1,74.03
Plot  Area,Beeramguda,4 Bedroom,1200,4,2,200
Super built-up  Area,Begumpet,2 BHK,1150,2,2,55
Built-up  Area,Boduppal,4 Bedroom,3309,4,3,325
Super built-up  Area,Camelot Layout,3 BHK,1190,2,2,30.35
Super built-up  Area,Chandanagar,3 BHK,1620,3,2,98
Super built-up  Area,D.D. Colony,2 BHK,950,2,1,46.96
Super built-up  Area,Devender Colony,11 BHK,5000,9,3,360
Super built-up  Area,Dilsukh Nagar,3 BHK,2450,3,0,120
Super built-up  Area,Dullapally,3 BHK,1220,2,1,35.23
Super built-up  Area,Film Nagar,2 BHK,850,2,1,30
Built-up  Area,Financial District,2 BHK,1020,2,2,63
Built-up  Area,Friends Colony,2 BHK,1100,2,2,50
Super built-up  Area,Gachibowli,2 BHK,1150,2,2,126
Super built-up  Area,Gajulramaram,3 BHK,1760,2,2,130
Super built-up  Area,Gandhi Nagar,3 BHK,1800,3,3,110
Super built-up  Area,Gangaram,2 BHK,1070,2,1,54
Plot  Area,Gopanpally,4 Bedroom,1500,4,2,220
Plot  Area,Hafeezpet,2 Bedroom,1440,2,0,95
Super built-up  Area,Hanuman Nagar,2 BHK,900,2,1,40
Built-up  Area,Harithavanam Colony,4 BHK,1200,4,1,230
Super built-up  Area,Hi-Tech City,2 BHK,1130,2,1,42.16
Super built-up  Area,Himayat Nagar,2 BHK,1320,2,1,165
Super built-up  Area,HMT Swarnapuri Colony,2 BHK,1270,2,1,98
Built-up  Area,Huda Layout,2 BHK,1200,2,1,62
Super built-up  Area,Hyder Nagar,4 BHK,4800,4,,235
Super built-up  Area,Hydershakote,2 BHK,1200,2,1,74
Super built-up  Area,Indira Nagar,2 BHK,929,2,0,50.17
Built-up  Area,Isnapur,4 BHK,1150,4,2,260
Plot  Area,Jagruthi Colony,4 Bedroom,1125,4,3,180
Plot  Area,Jai Bharat Nagar,5 Bedroom,500,3,2,65
Plot  Area,Janardana Hills,5 Bedroom,1200,5,2,190
Super built-up  Area,Jubilee Hills,3 BHK,1464,3,2,56
Super built-up  Area,Kapra,4 BHK,3600,4,3,400
Plot  Area,Kavuri Hills,4 Bedroom,2000,4,2,99
Super built-up  Area,Khairatabad,2 BHK,1208,2,1,49
Super built-up  Area,Khajaguda,2 BHK,1130,2,2,60
Super built-up  Area,Kistareddypet,3 BHK,1753,3,2,120
Super built-up  Area,Kokapet,5 BHK,4500,7,3,337
Plot  Area,Kollur,3 Bedroom,600,3,2,58
Super built-up  Area,Kollur Village,2 BHK,1196,2,2,94.42
Built-up  Area,Kondapur,2 BHK,1150,3,3,52.5
Super built-up  Area,Kothaguda,2 BHK,1128,2,1,63
Super built-up  Area,Kothapet,2 BHK,1000,2,1,53
Super built-up  Area,KPHB,2 BHK,1035,2,1,45
Built-up  Area,Krishna Reddy Pet,2 BHK,950,2,1,32
Super built-up  Area,Krushi Nagar,3 BHK,1075,2,1,36
Super built-up  Area,Kukatpally,2 BHK,1040,2,1,48.5
Plot  Area,Kundanbagh,2 Bedroom,720,2,1,45
Super built-up  Area,Lakdi-Ka-Pool,3 BHK,1511,3,1,95
Built-up  Area,Lanco Hills,3 BHK,1300,3,1,58
Super built-up  Area,Laxmi Nagar,3 BHK,1545,3,1,68.75
Built-up  Area,LB Nagar,1 BHK,375,2,0,26
Super built-up  Area,Lingampally,2 BHK,1062,2,3,38
Super built-up  Area,Madhapur,2 BHK,1115,2,1,40
Super built-up  Area,Madhura Nagar,2 BHK,1000,2,1,35
Super built-up  Area,Madinaguda,2 BHK,883,2,1,45
Super built-up  Area,Mallampet,2 BHK,1195,2,1,70
Plot  Area,Manikonda,4 Bedroom,1200,3,1,165
Built-up  Area,Masab Tank,1 Bedroom,700,1,0,41
Super built-up  Area,Masjid Banda,2 BHK,1246,2,1,67
Plot  Area,Matrusri Nagar,4 Bedroom,660,4,2,90
Plot  Area,Mayuri Nagar,4 Bedroom,8500,4,2,145
Super built-up  Area,Medipally,4 BHK,1600,4,1,80
Super built-up  Area,Meerpet,4 BHK,2805,5,3,154
Super built-up  Area,Mehdipatnam,3 BHK,1584,3,,65
Plot  Area,Miyapur,4 Bedroom,3000,5,1,275
Built-up  Area,Moosapet,3 BHK,1175,2,2,48
Built-up  Area,Moti Nagar,3 BHK,1595,3,2,115
Super built-up  Area,Muppas Panchavati Colony,2 BHK,1353,2,2,110
Super built-up  Area,Muzaffar Ahmad Nagar,3 BHK,1599,3,2,125
Super built-up  Area,Mythri Nagar,2 BHK,1150,2,1,70
Super built-up  Area,Nagaram,4 BHK,5230,6,1,465
Super built-up  Area,Nagole,2 BHK,1155,2,2,42.74
Built-up  Area,Nallagandla,1 BHK,1200,2,0,85
Super built-up  Area,Nallakunta,2 BHK,1000,2,1,25
Super built-up  Area,Nanakramguda,4 BHK,3000,4,,120
Built-up  Area,Narsingi,3 BHK,1867,3,1,160
Super built-up  Area,Navodaya Colony,2 BHK,1251,2,1,47
Super built-up  Area,Neknampur,2 BHK,1028,2,1,45.5
Super built-up  Area,New Sai Nagar Colony,2 BHK,1222,2,2,45
Super built-up  Area,Nizampet,3 BHK,1170,2,1,66
Super built-up  Area,Osman Nagar,3 BHK,2400,4,1,245
Super built-up  Area,OU Colony,3 BHK,1385,2,2,48.48
Super built-up  Area,Paparayadu Nagar,2 BHK,1372,2,1,68
Super built-up  Area,Patancheru,3 BHK,1282,2,2,49
Super built-up  Area,Patighanpur,9 BHK,5000,9,3,210
Built-up  Area,Peerzadiguda,5 Bedroom,3000,3,1,528
Super built-up  Area,P Janardhan Reddy Nagar,2 BHK,1135,2,1,39.73
Built-up  Area,PJR Layout,3 BHK,1768,3,2,101
Built-up  Area,Pocharam,3 BHK,1325,2,1,90
Super built-up  Area,Pragati Nagar,3 BHK,1599,3,2,99
Plot  Area,Prakash Nagar,3 Bedroom,1500,3,1,61.95
Plot  Area,Puppalaguda,3 Bedroom,2610,3,0,499
Super built-up  Area,Qutbullapur,2 BHK,1286,2,2,63
Built-up  Area,Raghavendra Colony,5 BHK,2845,5,1,140
Super built-up  Area,Rajarajeshwari Nagar,3 BHK,1600,2,,50
Super built-up  Area,Rajendra Nagar,2 BHK,1195 - 1440,2,0,63.77
Super built-up  Area,Ramchandrapuram,3 BHK,3450,5,2,260
Super built-up  Area,Reti Bowli,2 BHK,1102,2,2,53.67
Super built-up  Area,Sanath Nagar,2 BHK,1350,2,2,54
Super built-up  Area,Sanjeeva Reddy Nagar,3 BHK,1200,2,2,42
Plot  Area,Sardar Patel Nagar,6 Bedroom,1300,6,0,145
Plot  Area,Saroor Nagar,2 Bedroom,1800,1,1,80
Built-up  Area,Secretariat Colony,2 BHK,950,2,1,40
Super built-up  Area,Serlingampally,1 BHK,525,1,1,27.25
Built-up  Area,Shaikpet,2 BHK,656,2,1,25
Plot  Area,Shamshabad,4 Bedroom,1780,4,3,175
Super built-up  Area,Shilpa Hills,2 BHK,1056,2,1,80
Super built-up  Area,Shilpa Nagar,1 BHK,595,1,1,33.32
Built-up  Area,Shirdi Sai Nagar,2 BHK,1080,2,2,50
Super built-up  Area,Somajiguda,3 BHK,2225,3,1,160
Super built-up  Area,Sri Balaji Layout,2 BHK,1126,2,1,28.15
Super built-up  Area,Srinagar Colony,3 BHK,1490,3,1,84
Plot  Area,Sri Nagar Colony,4 Bedroom,2000,4,1,300
Super built-up  Area,Sun City,3 BHK,1550,3,3,100
Super built-up  Area,Tellapur,3 BHK,1600,3,2,86
Built-up  Area,Tolichowki,2 BHK,1160,2,1,55
Built-up  Area,Tukkuguda,4 Bedroom,4144,4,3,315
Super built-up  Area,Upparpally,3 BHK,2100,3,2,125
Super built-up  Area,Vasantha Nagar,2 BHK,1404,2,1,69.3
Plot  Area,Vasanth Nagar,4 Bedroom,2230,4,3,225
Super built-up  Area,Vasanth Nagar Colony,3 BHK,1544,3,,120
Super built-up  Area,Venkatraya Nagar,3 BHK,1305,2,1,58.7
Super built-up  Area,Vittal Rao Nagar,2 BHK,1230,2,2,80
Plot  Area,Whitefield,2 Bedroom,1200,2,0,65
Super built-up  Area,YousufGuda,3 BHK,1460,3,1,73
Plot  Area,Addagutta,,1200 - 2400,,,34.185
Built-up  Area,Adibatla,2 BHK,967,2,3,45
Built-up  Area,Alkapuri,1 Bedroom,540,1,1,36
Super built-up  Area,Ambedkar Nagar,1 BHK,715,1,2,46
Super built-up  Area,Ameerpet,3 BHK,2500,3,2,313
Super built-up  Area,Aminpur,3 BHK,1578,3,1,180
Super built-up  Area,Anjaiah Nagar,2 BHK,1020,2,1,48.95
Super built-up  Area,Anjaneya Nagar,2 BHK,1020,2,1,40
Super built-up  Area,Appa Junction,2 BHK,1253,2,1,102
Super built-up  Area,Arunodaya Colony,2 BHK,1180,2,2,42
Super built-up  Area,Attapur,2 BHK,961,2,2,38
Built-up  Area,Ayyappa Society,3 BHK,1419,3,3,75
Super built-up  Area,Bachupally,3 BHK,1709,3,2,150
Plot  Area,Balaji Hills Colony,2 Bedroom,1600,2,0,115
Super built-up  Area,Bandam Kommu,1 BHK,416,1,1,18.5
Carpet  Area,Bandlaguda,2 BHK,1100,2,2,98
Super built-up  Area,Bangalore Highway,3 BHK,1430,2,1,65
Super built-up  Area,Banjara Hills,2 BHK,1260,2,2,45
Built-up  Area,Beeramguda,3 BHK,1630,3,2,85
Super built-up  Area,Begumpet,3 BHK,1249,3,2,44.71
Super built-up  Area,Boduppal,3 BHK,1450,2,3,85
Super built-up  Area,Camelot Layout,3 BHK,2791,3,1,223
Super built-up  Area,Chandanagar,1 BHK,600,1,0,90
Built-up  Area,D.D. Colony,1 BHK,834,1,1,60
Plot  Area,Devender Colony,3 Bedroom,1125,4,1,70
Super built-up  Area,Dilsukh Nagar,3 BHK,2060,3,2,140
Super built-up  Area,Dullapally,7 BHK,12000,7,3,2200
Built-up  Area,Film Nagar,2 BHK,891,2,1,25
Super built-up  Area,Financial District,2 BHK,1133,2,1,49.07
Built-up  Area,Friends Colony,3 BHK,1075,2,1,37
Super built-up  Area,Gachibowli,4 BHK,3000,5,2,260
Plot  Area,Gajulramaram,4 Bedroom,2440,5,2,425
Built-up  Area,Gandhi Nagar,2 BHK,1200,2,2,55
Super built-up  Area,Gangaram,2 BHK,1075,2,2,45.8
Super built-up  Area,Gopanpally,2 BHK,1140,2,2,40
Plot  Area,Hafeezpet,5 Bedroom,940,4,2,150
Plot  Area,Hanuman Nagar,6 Bedroom,2160,5,1,250
Super built-up  Area,Harithavanam Colony,2 BHK,1090,2,1,42
Built-up  Area,Hi-Tech City,4 Bedroom,1500,4,1,70
Super built-up  Area,Himayat Nagar,4 BHK,4104,4,2,360
Super built-up  Area,HMT Swarnapuri Colony,3 BHK,1790,3,,100
Super built-up  Area,Huda Layout,3 BHK,1920,3,2,134
Built-up  Area,Hyder Nagar,2 BHK,1374,2,2,95
Carpet  Area,Hydershakote,3 BHK,1445,3,2,95
Super built-up  Area,Indira Nagar,1 BHK,711,1,1,36
Super built-up  Area,Isnapur,3 BHK,1500,3,3,95
Super built-up  Area,Jagruthi Colony,3 BHK,1720,3,3,100
Super built-up  Area,Jai Bharat Nagar,3 BHK,1400,3,2,60
Built-up  Area,Janardana Hills,2 BHK,1030,2,2,49
Super built-up  Area,Jubilee Hills,2 BHK,1200,2,1,85
Carpet  Area,Kapra,3 BHK,1375,3,2,70
Plot  Area,Kavuri Hills,2 Bedroom,1050,1,,56
Super built-up  Area,Khairatabad,3 BHK,2250,3,2,160
Super built-up  Area,Khajaguda,2 BHK,1000,2,2,50
Super built-up  Area,Kistareddypet,1 BHK,469,1,0,25
Super built-up  Area,Kokapet,4 BHK,3800,4,3,250
Super built-up  Area,Kollur,2 BHK,883,2,1,29
Super built-up  Area,Kollur Village,3 BHK,1820,2,3,86
Built-up  Area,Kondapur,3 BHK,1440,2,3,65
Super built-up  Area,Kothaguda,6 BHK,3600,4,1,160
Built-up  Area,Kothapet,4 BHK,2500,5,2,325
Super built-up  Area,KPHB,2 BHK,1225,2,2,48
Plot  Area,Krishna Reddy Pet,3 Bedroom,4000,3,1,660
Carpet  Area,Krushi Nagar,2 BHK,875,2,3,52.8
Super built-up  Area,Kukatpally,1 BHK,750,1,2,40
Super built-up  Area,Kundanbagh,2 BHK,1180,2,3,80
Super built-up  Area,Lakdi-Ka-Pool,2 BHK,1194,2,2,47
Super built-up  Area,Lanco Hills,3 BHK,1500,2,2,62
Super built-up  Area,Laxmi Nagar,2 BHK,1160,2,2,52.2
Built-up  Area,LB Nagar,9 Bedroom,4125Perch,9,,265
Super built-up  Area,Lingampally,3 BHK,2378,3,1,262
Super built-up  Area,Madhapur,2 BHK,1128,2,1,60
Super built-up  Area,Madhura Nagar,3 BHK,1500,3,1,150
Built-up  Area,Madinaguda,3 BHK,1220,2,1,35.23
Super built-up  Area,Mallampet,2 BHK,1210,2,2,58
Super built-up  Area,Manikonda,3 BHK,1100,2,1,58
Super built-up  Area,Masab Tank,3 BHK,1200,3,2,46
Built-up  Area,Masjid Banda,4 BHK,3385,5,,260
Super built-up  Area,Matrusri Nagar,3 BHK,1641,3,2,66
Super built-up  Area,Mayuri Nagar,2 BHK,1200,2,1,45
Super built-up  Area,Medipally,2 BHK,1260,2,1,67.39
Super built-up  Area,Meerpet,3 BHK,1720,3,3,78
Super built-up  Area,Mehdipatnam,2 BHK,1120 - 1145,2,0,48.13
Super built-up  Area,Miyapur,2 BHK,1210,2,1,45.98
Built-up  Area,Moosapet,4 Bedroom,2200,4,2,200
Super built-up  Area,Moti Nagar,3 BHK,1075,2,1,45
Built-up  Area,Muppas Panchavati Colony,3 BHK,1702,3,2,130
Super built-up  Area,Muzaffar Ahmad Nagar,2 BHK,1630,2,2,200
Super built-up  Area,Mythri Nagar,2 BHK,1141,2,2,38.55
Super built-up  Area,Nagaram,3 BHK,2072,3,2,108
Super built-up  Area,Nagole,5 BHK,4400 - 6640,,,375
Built-up  Area,Nallagandla,3 Bedroom,1200,2,0,70
Super built-up  Area,Nallakunta,3 BHK,1350,3,0,77
Built-up  Area,Nanakramguda,4 Bedroom,3090 - 5002,4,0,445
Super built-up  Area,Narsingi,3 BHK,1180,2,2,78.34
Built-up  Area,Navodaya Colony,3 BHK,35000,3,3,130
Super built-up  Area,Neknampur,2 BHK,1355,2,2,115
Plot  Area,New Sai Nagar Colony,1 Bedroom,600,1,0,50
Plot  Area,Nizampet,7 Bedroom,1200,7,,150
Super built-up  Area,Osman Nagar,3 BHK,1640,2,1,120
Plot  Area,OU Colony,5 Bedroom,1200,5,0,100
Super built-up  Area,Paparayadu Nagar,3 BHK,1190,2,2,57
Plot  Area,Patancheru,4 Bedroom,2400,4,2,375
Super built-up  Area,Patighanpur,2 BHK,1019,2,2,49.85
Super built-up  Area,Peerzadiguda,3 BHK,1875,3,2,165
Super built-up  Area,P Janardhan Reddy Nagar,3 BHK,1250,3,2,40
Plot  Area,PJR Layout,3 Bedroom,1200,3,2,140
Super built-up  Area,Pocharam,2 BHK,1140,2,1,56
Super built-up  Area,Pragati Nagar,3 BHK,1683,3,1,109
Super built-up  Area,Prakash Nagar,3 BHK,1515,3,,83.3
Super built-up  Area,Puppalaguda,4 BHK,2118,4,2,111
Built-up  Area,Qutbullapur,4 Bedroom,1380,3,0,58
Super built-up  Area,Raghavendra Colony,2 BHK,1083,2,2,61.75
Plot  Area,Rajarajeshwari Nagar,2 Bedroom,600,2,1,55
Built-up  Area,Rajendra Nagar,3 BHK,2300,3,3,120
Super built-up  Area,Ramchandrapuram,2 BHK,1240,2,2,60
Super built-up  Area,Reti Bowli,3 BHK,1750,3,1,120
Super built-up  Area,Sanath Nagar,2 BHK,1230,2,,43.48
Plot  Area,Sanjeeva Reddy Nagar,3 Bedroom,1500,3,1,139
Super built-up  Area,Sardar Patel Nagar,2 BHK,985,2,1,40.39
Plot  Area,Saroor Nagar,3 Bedroom,1500,2,1,87
Built-up  Area,Secretariat Colony,2 BHK,1125,2,1,32.49
Built-up  Area,Serlingampally,2 BHK,950,2,1,44
Super built-up  Area,Shaikpet,5 BHK,4400 - 6800,,,548.5
Super built-up  Area,Shamshabad,3 BHK,1580,3,3,76
Plot  Area,Shilpa Hills,3 Bedroom,1092,2,1,98.5
Built-up  Area,Shilpa Nagar,2 BHK,1090,2,1,28.34
Built-up  Area,Shirdi Sai Nagar,3 Bedroom,2264,3,1,159
Super built-up  Area,Somajiguda,3 BHK,1033,2,2,25.53
Super built-up  Area,Sri Balaji Layout,2 BHK,810,2,2,24.5
Super built-up  Area,Srinagar Colony,2 BHK,1045,2,0,45
Super built-up  Area,Sri Nagar Colony,2 BHK,1337,2,1,82
Super built-up  Area,Sun City,2 BHK,1200,2,2,32
Super built-up  Area,Tellapur,3 BHK,1580,3,2,160
Super built-up  Area,Tolichowki,3 BHK,1500,2,3,54
Super built-up  Area,Tukkuguda,3 BHK,1640,4,2,91
Super built-up  Area,Upparpally,3 BHK,1570,3,2,62
Super built-up  Area,Vasantha Nagar,3 BHK,1470,2,2,82
Super built-up  Area,Vasanth Nagar,2 BHK,1160,2,2,40.61
Built-up  Area,Vasanth Nagar Colony,2 BHK,1050,2,1,71
Super built-up  Area,Venkatraya Nagar,3 BHK,1855,3,1,225
Super built-up  Area,Vittal Rao Nagar,3 BHK,1460,2,1,90
Built-up  Area,Whitefield,3 BHK,1823,3,2,100
Super built-up  Area,YousufGuda,2 BHK,1094,2,2,42
Super built-up  Area,Addagutta,2 BHK,1153,2,2,57
Built-up  Area,Adibatla,3 BHK,1325,3,1,57
Plot  Area,Alkapuri,4 Bedroom,1200,3,2,85
Built-up  Area,Ambedkar Nagar,3 BHK,1590,2,2,125
Plot  Area,Ameerpet,5 Bedroom,1210,4,2,160
Plot  Area,Aminpur,4 Bedroom,1200,4,0,220
Super built-up  Area,Anjaiah Nagar,2 BHK,1202,2,1,48
Built-up  Area,Anjaneya Nagar,2 BHK,1202,2,1,53
Super built-up  Area,Appa Junction,2 BHK,1200,2,3,62.5
Super built-up  Area,Arunodaya Colony,3 BHK,1688,3,1,118
Built-up  Area,Attapur,2 BHK,1020,2,1,52
Super built-up  Area,Ayyappa Society,2 BHK,1185,2,2,47
Super built-up  Area,Bachupally,2 BHK,1235,2,1,52.04
Super built-up  Area,Balaji Hills Colony,4 BHK,3205,5,1,500
Super built-up  Area,Bandam Kommu,2 BHK,1077,2,2,37.64
Super built-up  Area,Bandlaguda,3 BHK,1415,2,3,66
Super built-up  Area,Bangalore Highway,3 BHK,2330,3,2,162
Super built-up  Area,Banjara Hills,2 BHK,805,2,2,35
Built-up  Area,Beeramguda,1 BHK,425,1,0,20.03
Super built-up  Area,Begumpet,2 BHK,1155,2,3,59.95
Super built-up  Area,Boduppal,4 BHK,5270,4,3,1250
Super built-up  Area,Camelot Layout,2 BHK,656,2,1,22
Built-up  Area,Chandanagar,2 BHK,1100,2,0,48
Super built-up  Area,D.D. Colony,2 BHK,1150,2,3,52
Plot  Area,Devender Colony,1 Bedroom,600,1,1,60
Super built-up  Area,Dilsukh Nagar,2 BHK,1468,2,1,140
Plot  Area,Dullapally,4 Bedroom,4300,5,2,550
Super built-up  Area,Film Nagar,3 BHK,2280,4,2,126
Super built-up  Area,Financial District,2 BHK,1341,2,1,97
Super built-up  Area,Friends Colony,2 BHK,1279,2,1,77
Super built-up  Area,Gachibowli,4 BHK,2225,4,0,98.88
Super built-up  Area,Gajulramaram,2 BHK,1185,2,2,43.51
Super built-up  Area,Gandhi Nagar,3 BHK,1750,3,2,85
Super built-up  Area,Gangaram,2 BHK,1152,2,1,53.5
Plot  Area,Gopanpally,5 Bedroom,1000,4,1,160
Super built-up  Area,Hafeezpet,2 BHK,1300,2,3,36
Plot  Area,Hanuman Nagar,4 Bedroom,2760,4,2,155
Super built-up  Area,Harithavanam Colony,2 BHK,1070,2,2,39
Super built-up  Area,Hi-Tech City,2 BHK,1101,2,0,45
Super built-up  Area,Himayat Nagar,2 BHK,775,2,1,55
Super built-up  Area,HMT Swarnapuri Colony,1 BHK,667,1,1,36.85
Super built-up  Area,Huda Layout,2 BHK,1070,2,1,55
Built-up  Area,Hyder Nagar,3 BHK,1875,2,2,110
Super built-up  Area,Hydershakote,2 BHK,735,2,1,57.99
Plot  Area,Indira Nagar,5 Bedroom,4360,4,1,90
Super built-up  Area,Isnapur,3 BHK,1750,3,2,130
Super built-up  Area,Jagruthi Colony,2 BHK,1215,2,1,67
Plot  Area,Jai Bharat Nagar,9 Bedroom,600,9,3,190
Super built-up  Area,Janardana Hills,2 BHK,820,2,1,30
Super built-up  Area,Jubilee Hills,2 BHK,1160 - 1195,2,0,59.935
Super built-up  Area,Kapra,3 BHK,1779,3,2,89.61
Built-up  Area,Kavuri Hills,2 BHK,1105,2,2,58
Built-up  Area,Khairatabad,1 BHK,1000Sq. Meter,2,1,93
Super built-up  Area,Khajaguda,3 BHK,1650,3,2,60
Super built-up  Area,Kistareddypet,2 BHK,1694,2,2,150
Super built-up  Area,Kokapet,3 BHK,2376,3,1,203
Super built-up  Area,Kollur,3 BHK,1975,3,3,150
Super built-up  Area,Kollur Village,2 BHK,674,2,1,33
Super built-up  Area,Kondapur,2 BHK,1185,2,1,41
Super built-up  Area,Kothaguda,1 RK,445,1,0,28
Built-up  Area,Kothapet,6 Bedroom,900,7,,76
Super built-up  Area,KPHB,3 BHK,1475,3,2,75
Super built-up  Area,Krishna Reddy Pet,3 BHK,1618,3,3,82.5
Super built-up  Area,Krushi Nagar,2 BHK,1120,2,0,65
Super built-up  Area,Kukatpally,4 BHK,2181,3,2,152
Plot  Area,Kundanbagh,4 Bedroom,1200,4,0,90
Plot  Area,Lakdi-Ka-Pool,6 Bedroom,600,4,3,65
Super built-up  Area,Lanco Hills,3 BHK,1556,2,1,59.13
Super built-up  Area,Laxmi Nagar,2 BHK,1179,2,1,66.02
Super built-up  Area,LB Nagar,2 BHK,1296,2,2,83
Built-up  Area,Lingampally,2 BHK,1275,2,2,52
Built-up  Area,Madhapur,7 Bedroom,1875,2,2,300
Super built-up  Area,Madhura Nagar,3 BHK,1400,2,2,77
Super built-up  Area,Madinaguda,2 BHK,1222,2,1,63
Super built-up  Area,Mallampet,2 BHK,940,2,1,41
Super built-up  Area,Manikonda,2 BHK,1185,2,2,42.6
Super built-up  Area,Masab Tank,3 BHK,1779,3,2,112
Super built-up  Area,Masjid Banda,3 BHK,1615,3,2,59.76
Super built-up  Area,Matrusri Nagar,4 BHK,4000 - 5249,,,453
Super built-up  Area,Mayuri Nagar,2 BHK,1056,2,1,61
Super built-up  Area,Medipally,2 BHK,1100,2,0,46
Built-up  Area,Meerpet,2 BHK,920,2,1,40
Super built-up  Area,Mehdipatnam,3 BHK,1602,2,0,75
Built-up  Area,Miyapur,2 BHK,1176,2,0,62
Plot  Area,Moosapet,4 Bedroom,675,3,1,59
Super built-up  Area,Moti Nagar,3 BHK,1352,3,0,135
Built-up  Area,Muppas Panchavati Colony,3 BHK,1717,3,3,99
Plot  Area,Muzaffar Ahmad Nagar,4 Bedroom,10961,4,1,80
Super built-up  Area,Mythri Nagar,4 BHK,2119,4,3,111
Super built-up  Area,Nagaram,2 BHK,1246,2,1,67.3
Super built-up  Area,Nagole,2 BHK,1141,2,1,42.79
Built-up  Area,Nallagandla,2 BHK,1157,2,1,84
Super built-up  Area,Nallakunta,2 BHK,1025,2,2,27.68
Built-up  Area,Nanakramguda,1 BHK,650,1,2,33
Super built-up  Area,Narsingi,2 BHK,1349,2,1,98
Super built-up  Area,Navodaya Colony,3 BHK,1566,3,1,83.3
Super built-up  Area,Neknampur,4 BHK,2830,3,3,195
Built-up  Area,New Sai Nagar Colony,3 BHK,1320,2,1,38.13
Super built-up  Area,Nizampet,3 BHK,1780,3,1,84.83
Super built-up  Area,Osman Nagar,2 BHK,1091,2,1,34.9
Super built-up  Area,OU Colony,4 BHK,3670,4,3,300
Built-up  Area,Paparayadu Nagar,2 BHK,918,2,1,50.49
Super built-up  Area,Patancheru,4 BHK,1950,4,0,130
Super built-up  Area,Patighanpur,3 BHK,1695,3,1,90
Super built-up  Area,Peerzadiguda,3 BHK,1705,3,2,95
Built-up  Area,P Janardhan Reddy Nagar,3 BHK,1375,3,2,75
Super built-up  Area,PJR Layout,1 BHK,525,1,1,30
Built-up  Area,Pocharam,2 BHK,1447,2,1,83
Super built-up  Area,Pragati Nagar,2 BHK,1114,2,1,39
Super built-up  Area,Prakash Nagar,3 BHK,1450,2,1,100
Super built-up  Area,Puppalaguda,2 BHK,460,1,0,15
Built-up  Area,Qutbullapur,2 BHK,1022,2,2,40
Built-up  Area,Raghavendra Colony,2 BHK,1000,2,2,45
Super built-up  Area,Rajarajeshwari Nagar,2 BHK,1128,2,1,68.75
Super built-up  Area,Rajendra Nagar,2 BHK,1180,2,2,57
Built-up  Area,Ramchandrapuram,6 Bedroom,1000,6,1,69
Plot  Area,Reti Bowli,2 Bedroom,1200,2,1,150
Super built-up  Area,Sanath Nagar,3 BHK,3761,3,2,660
Super built-up  Area,Sanjeeva Reddy Nagar,2 BHK,1339,2,3,75
Super built-up  Area,Sardar Patel Nagar,3 BHK,1400,2,3,55
Super built-up  Area,Saroor Nagar,2 BHK,1040,2,1,39.52
Super built-up  Area,Secretariat Colony,2 BHK,1198,2,2,58
Plot  Area,Serlingampally,4 Bedroom,1200,3,,95
Super built-up  Area,Shaikpet,3 BHK,1691,3,2,113
Super built-up  Area,Shamshabad,3 BHK,1075,3,2,36
Super built-up  Area,Shilpa Hills,3 BHK,1630,3,2,194
Super built-up  Area,Shilpa Nagar,3 BHK,1240,3,2,43.5
Super built-up  Area,Shirdi Sai Nagar,2 BHK,1115 - 1130,2,0,58.935
Super built-up  Area,Somajiguda,3 BHK,1665,3,2,86.58
Built-up  Area,Sri Balaji Layout,3 BHK,2489,3,,94
Built-up  Area,Srinagar Colony,2 BHK,1142,2,2,70
Super built-up  Area,Sri Nagar Colony,3 BHK,1976,3,1,184
Plot  Area,Sun City,4 Bedroom,5500,4,,600
Super built-up  Area,Tellapur,3 BHK,1853,3,2,82
Plot  Area,Tolichowki,8 Bedroom,600,4,1,72
Super built-up  Area,Tukkuguda,2 BHK,1567,2,2,92
Super built-up  Area,Upparpally,2 BHK,1090,2,1,27.24
Plot  Area,Vasantha Nagar,6 Bedroom,1200,4,2,125
Plot  Area,Vasanth Nagar,4 Bedroom,2400,4,1,640
Super built-up  Area,Vasanth Nagar Colony,2 BHK,1175,2,2,51.47
Built-up  Area,Venkatraya Nagar,2 BHK,1200,2,2,52
Built-up  Area,Vittal Rao Nagar,2 BHK,995,2,1,41
Super built-up  Area,Whitefield,2 BHK,884,2,1,41.1
Plot  Area,YousufGuda,5 Bedroom,900,3,2,80
Built-up  Area,Addagutta,2 BHK,1170,2,2,57
Super built-up  Area,Adibatla,2 BHK,1225,2,1,46.55
Super built-up  Area,Alkapuri,2 BHK,1342,2,1,73.3
Built-up  Area,Ambedkar Nagar,2 BHK,1345,2,1,67
Built-up  Area,Ameerpet,3 BHK,1320,3,0,65
Super built-up  Area,Aminpur,2 BHK,1100Sq. Yards,2,,45
Super built-up  Area,Anjaiah Nagar,2 BHK,1140,2,1,49.39
Super built-up  Area,Anjaneya Nagar,2 BHK,1300,2,1,50
Super built-up  Area,Appa Junction,3 BHK,1652,3,2,85
Super built-up  Area,Arunodaya Colony,3 BHK,2072,4,2,142
Built-up  Area,Attapur,3 BHK,1740,2,,95
Super built-up  Area,Ayyappa Society,3 BHK,1360,2,1,71
Super built-up  Area,Bachupally,3 BHK,1145,2,2,60
Built-up  Area,Balaji Hills Colony,3 BHK,1540,2,0,40
Super built-up  Area,Bandam Kommu,2 BHK,1278,2,2,95
Super built-up  Area,Bandlaguda,1 BHK,630,1,1,40
Super built-up  Area,Bangalore Highway,3 BHK,1100,3,2,58
Plot  Area,Banjara Hills,3 Bedroom,1200,3,0,95
Built-up  Area,Beeramguda,7 Bedroom,2500,6,2,115
Super built-up  Area,Begumpet,1 BHK,520 - 645,1,0,15.135
Super built-up  Area,Boduppal,2 BHK,1015,2,2,25.88
Built-up  Area,Camelot Layout,5 Bedroom,3300,5,2,240
Plot  Area,Chandanagar,5 Bedroom,4500,5,1,415
Super built-up  Area,D.D. Colony,3 BHK,1356,2,3,66
Super built-up  Area,Devender Colony,2 BHK,823,2,1,28
Plot  Area,Dilsukh Nagar,3 Bedroom,1200,2,0,66
Built-up  Area,Dullapally,2 BHK,1050,2,0,37
Super built-up  Area,Film Nagar,2 BHK,1180,2,1,69
Super built-up  Area,Financial District,2 BHK,1116,2,3,51.91
Super built-up  Area,Friends Colony,2 BHK,1070,2,1,42.79
Super built-up  Area,Gachibowli,2 BHK,1385,2,3,80
Plot  Area,Gajulramaram,1 Bedroom,1000,1,1,70
Built-up  Area,Gandhi Nagar,3 BHK,1897,3,2,130
Super built-up  Area,Gangaram,2 BHK,1005,2,1,55.78
Super built-up  Area,Gopanpally,3 BHK,1575,3,2,125
Super built-up  Area,Hafeezpet,2 BHK,975,2,1,65
Super built-up  Area,Hanuman Nagar,3 BHK,1904,3,2,120
Super built-up  Area,Harithavanam Colony,1 BHK,930,1,1,30
Super built-up  Area,Hi-Tech City,1 BHK,525,1,1,26
Super built-up  Area,Himayat Nagar,1 BHK,686,1,1,17
Plot  Area,HMT Swarnapuri Colony,2 Bedroom,2400,3,1,150
Plot  Area,Huda Layout,2 Bedroom,1410,1,0,233
Built-up  Area,Hyder Nagar,3 Bedroom,2238,3,1,140
Super built-up  Area,Hydershakote,2 BHK,1174,2,1,69
Built-up  Area,Indira Nagar,4 Bedroom,3800,4,3,239
Super built-up  Area,Isnapur,3 BHK,2225,2,1,125
Super built-up  Area,Jagruthi Colony,2 BHK,1250,2,0,200
Super built-up  Area,Jai Bharat Nagar,2 BHK,918,2,2,52
Super built-up  Area,Janardana Hills,2 BHK,1250,2,3,52
Super built-up  Area,Jubilee Hills,3 BHK,1800,3,,110
Built-up  Area,Kapra,2 BHK,1170,2,3,53
Super built-up  Area,Kavuri Hills,1 BHK,1300,1,0,200
Built-up  Area,Khairatabad,2 BHK,793,2,1,45
Super built-up  Area,Khajaguda,3 BHK,1710,3,2,107
Super built-up  Area,Kistareddypet,3 BHK,1082,2,1,57.5
Super built-up  Area,Kokapet,2 BHK,1001,2,2,33.03
Built-up  Area,Kollur,4 Bedroom,1500,4,,180
Super built-up  Area,Kollur Village,3 BHK,1590,2,1,54
Super built-up  Area,Kondapur,3 BHK,2400,2,0,80
Super built-up  Area,Kothaguda,3 BHK,1554,3,2,55
Super built-up  Area,Kothapet,2 BHK,1000 - 1285,2,0,43.415
Super built-up  Area,KPHB,5 BHK,4239,5,2,423
Built-up  Area,Krishna Reddy Pet,2 Bedroom,884,1,0,58
Super built-up  Area,Krushi Nagar,2 BHK,1045,2,1,98.89
Super built-up  Area,Kukatpally,2 BHK,1019,2,2,49.86
Super built-up  Area,Kundanbagh,3 BHK,1935,4,2,130
Super built-up  Area,Lakdi-Ka-Pool,3 BHK,1135,2,2,39.73
Super built-up  Area,Lanco Hills,3 BHK,1680,3,2,150
Super built-up  Area,Laxmi Nagar,4 BHK,2470,5,2,247
Super built-up  Area,LB Nagar,4 BHK,2825,4,3,250
Super built-up  Area,Lingampally,3 BHK,2480,3,1,330
Plot  Area,Madhapur,9 Bedroom,1260,11,,290
Plot  Area,Madhura Nagar,5 Bedroom,1800,4,3,187
Built-up  Area,Madinaguda,3 BHK,1799,3,3,90
Super built-up  Area,Mallampet,4 Bedroom,3606 - 5091,,,304
Built-up  Area,Manikonda,1 BHK,400,1,1,11
Built-up  Area,Masab Tank,2 BHK,1047,2,1,82
Super built-up  Area,Masjid Banda,2 BHK,1282,2,2,87
Super built-up  Area,Matrusri Nagar,2 BHK,1020,2,1,45.9
Plot  Area,Mayuri Nagar,4 Bedroom,1080,3,1,155
Super built-up  Area,Medipally,2 BHK,1495,2,1,79.5
Built-up  Area,Meerpet,4 Bedroom,3260,4,1,240
Super built-up  Area,Mehdipatnam,3 BHK,1611,2,2,64.44
Super built-up  Area,Miyapur,4 BHK,3500,5,2,425
Built-up  Area,Moosapet,3 Bedroom,1500,2,2,95
Super built-up  Area,Moti Nagar,3 BHK,1500,2,2,95
Plot  Area,Muppas Panchavati Colony,4 Bedroom,3206,5,,270
Super built-up  Area,Muzaffar Ahmad Nagar,3 BHK,1540,3,0,50
Super built-up  Area,Mythri Nagar,3 BHK,1639,3,1,80
Plot  Area,Nagaram,4 Bedroom,700,4,,72
Super built-up  Area,Nagole,2 BHK,1303,2,2,55.79
Super built-up  Area,Nallagandla,2 BHK,1005,1,1,110
Super built-up  Area,Nallakunta,1 BHK,650 - 665,1,0,18.41
Super built-up  Area,Nanakramguda,3 BHK,1305,3,1,33.28
Plot  Area,Narsingi,3 Bedroom,600,4,0,95
Super built-up  Area,Navodaya Colony,2 BHK,1300,1,1,115
Super built-up  Area,Neknampur,3 BHK,1440,2,3,68
Super built-up  Area,New Sai Nagar Colony,2 BHK,901,2,1,35.14
Super built-up  Area,Nizampet,3 BHK,1725,3,3,200
Built-up  Area,Osman Nagar,3 BHK,900,2,1,42
Super built-up  Area,OU Colony,2 BHK,1060,2,1,55
Super built-up  Area,Paparayadu Nagar,2 BHK,1020,2,1,48.45
Super built-up  Area,Patancheru,3 BHK,1535,3,2,65.99
Built-up  Area,Patighanpur,1 BHK,530,1,1,20
Super built-up  Area,Peerzadiguda,3 BHK,1464,3,2,56
Super built-up  Area,P Janardhan Reddy Nagar,2 BHK,1350,2,3,80
Super built-up  Area,PJR Layout,2 BHK,1115,2,2,50
Super built-up  Area,Pocharam,2 BHK,1175,2,2,47
Built-up  Area,Pragati Nagar,2 BHK,1113,2,1,62
Plot  Area,Prakash Nagar,6 Bedroom,1200,4,2,225
Plot  Area,Puppalaguda,5 Bedroom,1640,4,3,240
Built-up  Area,Qutbullapur,2 BHK,650,2,0,42
Super built-up  Area,Raghavendra Colony,2 BHK,1325,2,2,71.55
Built-up  Area,Rajarajeshwari Nagar,2 BHK,950,2,3,31
Super built-up  Area,Rajendra Nagar,3 BHK,1396,2,1,86.51
Super built-up  Area,Ramchandrapuram,2 BHK,1050,2,2,52.07
Super built-up  Area,Reti Bowli,3 BHK,1825,3,2,100
Super built-up  Area,Sanath Nagar,2 BHK,1190,2,1,49.98
Super built-up  Area,Sanjeeva Reddy Nagar,2 BHK,1220,2,1,56.5
Super built-up  Area,Sardar Patel Nagar,3 BHK,1565,2,2,75
Super built-up  Area,Saroor Nagar,3 BHK,1891,3,1,109
Built-up  Area,Secretariat Colony,2 BHK,900,2,0,27
Super built-up  Area,Serlingampally,2 BHK,1161,2,1,55.15
Super built-up  Area,Shaikpet,1 BHK,633 - 666,1,0,17.535
Plot  Area,Shamshabad,8 Bedroom,2400,6,3,125
Plot  Area,Shilpa Hills,4 Bedroom,315,4,2,90
Super built-up  Area,Shilpa Nagar,1 BHK,665,1,1,36.85
Super built-up  Area,Shirdi Sai Nagar,2 BHK,1175,2,1,73.5
Built-up  Area,Somajiguda,2 BHK,1425,2,2,80
Plot  Area,Sri Balaji Layout,1 Bedroom,1200,1,0,20
Plot  Area,Srinagar Colony,3 Bedroom,1200,3,1,56.12
Built-up  Area,Sri Nagar Colony,2 BHK,1255,2,2,67
Super built-up  Area,Sun City,3 BHK,2112.95,4,2,145
Super built-up  Area,Tellapur,1 BHK,600,1,1,22
Super built-up  Area,Tolichowki,3 BHK,1810,3,2,100
Super built-up  Area,Addagutta,2 BHK,1200,2,2,93
Super built-up  Area,Adibatla,2 BHK,1033,2,2,49
Super built-up  Area,Alkapuri,3 BHK,1548,3,2,89.5
Super built-up  Area,Ambedkar Nagar,3 BHK,1611,3,3,66
Built-up  Area,Ameerpet,3 BHK,1400,2,1,40.43
Super built-up  Area,Aminpur,3 BHK,1485,2,2,67
Built-up  Area,Anjaiah Nagar,2 Bedroom,2400,2,1,82
Super built-up  Area,Anjaneya Nagar,2 BHK,1025,2,1,44.5
Plot  Area,Appa Junction,4 Bedroom,600,3,2,65
Super built-up  Area,Arunodaya Colony,2 BHK,1225,2,,53
Built-up  Area,Attapur,2 BHK,1256,2,1,62.8
Super built-up  Area,Ayyappa Society,4 BHK,2268,3,2,163
Super built-up  Area,Bachupally,3 BHK,1100,3,2,53
Super built-up  Area,Balaji Hills Colony,2 BHK,1141,2,0,62
Built-up  Area,Bandam Kommu,1 BHK,400,1,1,12
Plot  Area,Bandlaguda,2 Bedroom,1400,2,0,60
Super built-up  Area,Bangalore Highway,7 BHK,4100,7,,140
Plot  Area,Banjara Hills,1 Bedroom,5.31Acres,1,0,110
Carpet  Area,Beeramguda,1 BHK,15,1,0,30
Super built-up  Area,Begumpet,2 BHK,1175,2,2,48.27
Super built-up  Area,Boduppal,2 BHK,1100,2,1,56
Super built-up  Area,Camelot Layout,3 BHK,1843,3,2,95.84
Plot  Area,Chandanagar,8 Bedroom,1200,7,2,240
Super built-up  Area,D.D. Colony,2 BHK,1460,2,1,80.5
Super built-up  Area,Devender Colony,3 BHK,1530,2,2,74.5
Built-up  Area,Dilsukh Nagar,2 BHK,1467,2,1,55
Super built-up  Area,Dullapally,1 BHK,950,1,1,40
Super built-up  Area,Film Nagar,2 BHK,1246,2,1,64.5
Super built-up  Area,Financial District,1 BHK,711,1,1,38
Super built-up  Area,Friends Colony,2 BHK,1194,2,2,46
Super built-up  Area,Gachibowli,3 BHK,1358,2,1,43.4
Carpet  Area,Gajulramaram,6 Bedroom,1500,5,1,130
Super built-up  Area,Gandhi Nagar,2 BHK,1420,2,2,75
Super built-up  Area,Gangaram,3 BHK,1250,2,1,68.75
Built-up  Area,Gopanpally,2 BHK,1280,2,,58
Super built-up  Area,Hafeezpet,2 BHK,1209,2,1,50
Built-up  Area,Hanuman Nagar,5 Bedroom,4200,5,2,225
Plot  Area,Harithavanam Colony,4 Bedroom,1215,4,3,205
Super built-up  Area,Hi-Tech City,3 BHK,1315,2,1,54.8
Super built-up  Area,Himayat Nagar,3 BHK,1800,3,3,90
Built-up  Area,HMT Swarnapuri Colony,5 Bedroom,1600,4,0,125
Super built-up  Area,Huda Layout,3 BHK,1600,2,2,65
Plot  Area,Hyder Nagar,6 Bedroom,3968,5,2,900
Super built-up  Area,Hydershakote,3 BHK,1563,3,2,52
Super built-up  Area,Indira Nagar,3 BHK,1560,2,2,72
Super built-up  Area,Isnapur,3 BHK,2169,4,,115
Plot  Area,Jagruthi Colony,9 Bedroom,900,10,,170
Super built-up  Area,Jai Bharat Nagar,2 BHK,1050,2,2,55.5
Super built-up  Area,Janardana Hills,3 BHK,3235,3,1,235
Plot  Area,Jubilee Hills,3 Bedroom,1200,3,0,66
Super built-up  Area,Kapra,2 BHK,1140,2,2,46
Plot  Area,Kavuri Hills,3 Bedroom,1500,3,1,170
Super built-up  Area,Khairatabad,3 BHK,1560,3,2,75
Super built-up  Area,Khajaguda,2 BHK,1100,2,2,70
Super built-up  Area,Kistareddypet,3 BHK,1260,2,3,40.32
Super built-up  Area,Kokapet,2 BHK,1036,2,1,50
Built-up  Area,Kollur,3 BHK,1662,3,3,85.1
Super built-up  Area,Kollur Village,3 BHK,1464,2,3,105
Super built-up  Area,Kondapur,2 BHK,1234,2,2,80
Super built-up  Area,Kothaguda,3 BHK,1403,3,1,55
Plot  Area,Kothapet,4 Bedroom,915,4,1,54.9
Plot  Area,KPHB,6 Bedroom,3000,8,3,451
Super built-up  Area,Krishna Reddy Pet,3 BHK,1150,2,2,42.9
Built-up  Area,Krushi Nagar,4 BHK,3900,4,2,410
Built-up  Area,Kukatpally,5 Bedroom,850,4,2,90
Super built-up  Area,Kundanbagh,2 BHK,929,2,1,46
Plot  Area,Lakdi-Ka-Pool,6 Bedroom,2400,8,3,450
Plot  Area,Lanco Hills,3 Bedroom,1350,2,1,75
Super built-up  Area,Laxmi Nagar,2 BHK,1135,2,1,39.73
Built-up  Area,LB Nagar,2 BHK,1405,2,2,70
Plot  Area,Lingampally,2 Bedroom,1200,2,1,45.84
Super built-up  Area,Madhapur,4 BHK,2805,4,3,154
Super built-up  Area,Madhura Nagar,2 BHK,1161,2,2,64.08
Super built-up  Area,Madinaguda,2 BHK,1290,2,3,74
Super built-up  Area,Mallampet,3 BHK,2557,3,2,141
Built-up  Area,Manikonda,3 BHK,1480,3,2,90
Plot  Area,Masab Tank,9 Bedroom,3300,14,,500
Super built-up  Area,Masjid Banda,3 BHK,1350,3,0,54.54
Super built-up  Area,Matrusri Nagar,3 BHK,1580,2,2,65
Super built-up  Area,Mayuri Nagar,3 BHK,1470,2,1,88.64
Super built-up  Area,Medipally,1 BHK,500,1,1,14
Super built-up  Area,Meerpet,2 BHK,1346,2,1,61.92
Super built-up  Area,Mehdipatnam,3 BHK,1600,3,3,90
Super built-up  Area,Miyapur,2 BHK,720,2,1,120
Plot  Area,Moosapet,2 Bedroom,30Acres,2,2,29.5
Plot  Area,Moti Nagar,4 Bedroom,1200,4,0,135
Super built-up  Area,Muppas Panchavati Colony,2 BHK,1200,2,2,35
Built-up  Area,Muzaffar Ahmad Nagar,3 BHK,1340,2,2,48.33
Plot  Area,Mythri Nagar,4 Bedroom,6136,4,,560
Super built-up  Area,Nagaram,2 BHK,918,2,2,48
Plot  Area,Nagole,3 Bedroom,1500,3,2,115
Super built-up  Area,Nallagandla,2 BHK,1315,2,2,85
Plot  Area,Nallakunta,4 Bedroom,2400,5,,775
Super built-up  Area,Nanakramguda,3 BHK,1390,2,2,62.55
Super built-up  Area,Narsingi,3 BHK,1330,2,1,56
Built-up  Area,Navodaya Colony,5 BHK,3100,4,,265
Super built-up  Area,Neknampur,3 BHK,1824,3,3,125
Super built-up  Area,New Sai Nagar Colony,3 BHK,1420,2,2,96
Plot  Area,Nizampet,1 Bedroom,750,1,0,56.25
Super built-up  Area,Osman Nagar,3 BHK,1260,2,1,60
Super built-up  Area,OU Colony,3 BHK,1561,3,2,95
Plot  Area,Paparayadu Nagar,9 Bedroom,812,6,3,165
Super built-up  Area,Patancheru,2 BHK,1060,2,2,42
Plot  Area,Patighanpur,8 Bedroom,1120,8,3,145
Super built-up  Area,Peerzadiguda,2 BHK,1225,2,1,67.38
Super built-up  Area,P Janardhan Reddy Nagar,3 BHK,2144,3,2,135
Plot  Area,PJR Layout,7 Bedroom,1200,6,2,140
Super built-up  Area,Pocharam,2 BHK,880,2,2,29
Super built-up  Area,Pragati Nagar,3 BHK,1639,3,2,110
Built-up  Area,Prakash Nagar,3 BHK,1240,2,1,62
Super built-up  Area,Puppalaguda,2 BHK,1500,2,2,69
Super built-up  Area,Qutbullapur,2 BHK,1243,2,1,46
Super built-up  Area,Raghavendra Colony,3 BHK,1575,3,,78
Super built-up  Area,Rajarajeshwari Nagar,2 BHK,1027,2,2,44
Super built-up  Area,Rajendra Nagar,3 BHK,1082,2,1,56
Super built-up  Area,Ramchandrapuram,3 BHK,1637,3,3,73
Super built-up  Area,Reti Bowli,3 BHK,1665,3,2,86.58
Super built-up  Area,Sanath Nagar,2 BHK,1265,2,0,56.93
Super built-up  Area,Sanjeeva Reddy Nagar,3 BHK,1691,2,2,102
Super built-up  Area,Sardar Patel Nagar,2 BHK,1100,2,1,38
Built-up  Area,Saroor Nagar,5 Bedroom,24,2,2,150
Plot  Area,Secretariat Colony,3 Bedroom,1500,3,2,62
Built-up  Area,Serlingampally,4 BHK,3205,5,1,380
Built-up  Area,Shaikpet,5 Bedroom,1666,4,1,150
Super built-up  Area,Shamshabad,2 BHK,1115,2,2,50
Super built-up  Area,Shilpa Hills,2 BHK,1070,2,1,45
Super built-up  Area,Shilpa Nagar,2 BHK,1128,2,2,105
Super built-up  Area,Shirdi Sai Nagar,2 BHK,1162,2,1,57
Super built-up  Area,Somajiguda,2 BHK,1339,2,2,55
Super built-up  Area,Sri Balaji Layout,2 BHK,1192,2,2,75
Super built-up  Area,Srinagar Colony,3 BHK,1920,3,1,115
Super built-up  Area,Sri Nagar Colony,2 BHK,1255,2,1,52.32
Super built-up  Area,Sun City,2 BHK,1357,2,1,115
Super built-up  Area,Tellapur,3 BHK,1600,3,2,75
Super built-up  Area,Tolichowki,2 BHK,1225,2,2,55.11
Plot  Area,Tukkuguda,4 Bedroom,2400,4,3,200
Super built-up  Area,Upparpally,3 BHK,1570,3,3,80
Super built-up  Area,Vasantha Nagar,2 BHK,1093,2,2,70
Built-up  Area,Vasanth Nagar,3 BHK,1865,3,3,145
Plot  Area,Vasanth Nagar Colony,6 Bedroom,1200,7,3,165
Super built-up  Area,Venkatraya Nagar,2 BHK,1039,2,2,80
Super built-up  Area,Vittal Rao Nagar,2 BHK,1246,2,1,64.5
Super built-up  Area,Whitefield,3 BHK,1985,3,2,75
Super built-up  Area,YousufGuda,3 BHK,1590,3,3,49
Plot  Area,Addagutta,4 Bedroom,4000,4,2,675
Super built-up  Area,Adibatla,2 BHK,775,2,2,38
Super built-up  Area,Alkapuri,2 BHK,1000,2,1,50
Super built-up  Area,Ambedkar Nagar,3 BHK,1800,3,2,175
Super built-up  Area,Ameerpet,2 BHK,1035,2,1,41
Super built-up  Area,Aminpur,3 BHK,1520,2,1,75
Super built-up  Area,Anjaiah Nagar,2 BHK,1360,2,1,95
Plot  Area,Anjaneya Nagar,4 Bedroom,6000,5,3,400
Super built-up  Area,Appa Junction,2 BHK,1117,2,2,56
Plot  Area,Arunodaya Colony,4 Bedroom,1200,4,3,120
Super built-up  Area,Attapur,2 BHK,1330,2,1,92.5
Super built-up  Area,Ayyappa Society,3 BHK,1937,3,2,160
Super built-up  Area,Bachupally,2 BHK,1128,2,1,65.49
Super built-up  Area,Balaji Hills Colony,2 BHK,1053,2,1,45
Super built-up  Area,Bandam Kommu,2 BHK,1198,2,1,77
Super built-up  Area,Bandlaguda,2 BHK,1152,2,1,56
Super built-up  Area,Bowenpally,6 BHK,1200,6,2,125
Super built-up  Area,Bangalore Highway,2 BHK,1625,2,1,75
Super built-up  Area,Banjara Hills,3 BHK,1397,3,3,105
Super built-up  Area,Beeramguda,3 BHK,1523,3,3,170
Super built-up  Area,Begumpet,2 BHK,883,2,1,45
Super built-up  Area,Boduppal,1 BHK,700,1,0,38
Super built-up  Area,Camelot Layout,2 BHK,1170,2,1,62.5
Super built-up  Area,Chandanagar,3 BHK,1200,2,2,42
Built-up  Area,D.D. Colony,3 BHK,2400,3,2,170
Super built-up  Area,Devender Colony,2 BHK,1480,2,2,65
Super built-up  Area,Dilsukh Nagar,3 BHK,1897,3,2,120
Super built-up  Area,Dullapally,2 BHK,996,2,1,67
Super built-up  Area,Film Nagar,3 BHK,1875,3,2,110
Super built-up  Area,Financial District,3 BHK,1500,2,2,98
Super built-up  Area,Friends Colony,3 BHK,3095,3,3,350
Super built-up  Area,Gachibowli,3 BHK,1390,2,1,175
Super built-up  Area,Gajulramaram,3 BHK,1445 - 1455,3,0,65.255
Super built-up  Area,Gandhi Nagar,1 BHK,697,1,0,45
Built-up  Area,Gangaram,1 BHK,710,1,1,27
Carpet  Area,Gopanpally,2 BHK,910,2,1,30.5
Built-up  Area,Hafeezpet,3 BHK,1025,2,1,48
Super built-up  Area,Hanuman Nagar,2 BHK,884 - 1116,2,0,46.5
Plot  Area,Harithavanam Colony,4 Bedroom,1200,4,,244
Super built-up  Area,Hi-Tech City,3 BHK,1453,2,1,46.48
Super built-up  Area,Himayat Nagar,4 BHK,3335,5,2,300
Super built-up  Area,HMT Swarnapuri Colony,2 BHK,850 - 1093,2,0,36.435
Super built-up  Area,Huda Layout,2 BHK,1281,2,1,74
Built-up  Area,Hyder Nagar,1 BHK,565,1,1,35
Built-up  Area,Hydershakote,2 BHK,1024,2,2,42
Built-up  Area,Indira Nagar,3 BHK,1620,3,2,62
Super built-up  Area,Isnapur,2 BHK,1254,2,2,40
Built-up  Area,Jagruthi Colony,3 BHK,1300,2,2,75
Built-up  Area,Jai Bharat Nagar,2 BHK,1233,2,2,43
Plot  Area,Janardana Hills,1 Bedroom,1200,1,1,28
Super built-up  Area,Jubilee Hills,3 BHK,1510,2,1,105
Super built-up  Area,Kapra,2 BHK,950,2,1,65
Super built-up  Area,Kavuri Hills,3 BHK,1945,3,2,97.42
Super built-up  Area,Khairatabad,2 BHK,1008,2,3,45
Super built-up  Area,Khajaguda,3 BHK,1265,2,1,79
Super built-up  Area,Kistareddypet,3 BHK,1255,2,1,77.68
Built-up  Area,Kokapet,4 BHK,2689,6,2,220
Built-up  Area,Kollur,2 BHK,1200,2,2,46.17
Super built-up  Area,Kollur Village,3 BHK,1403,3,3,51.63
Super built-up  Area,Kondapur,3 BHK,1535,3,2,85
Plot  Area,Kothaguda,3 Bedroom,1500,3,3,100
Super built-up  Area,Kothapet,3 BHK,1475,2,2,120
Super built-up  Area,KPHB,3 BHK,1390,2,2,60.47
Super built-up  Area,Krishna Reddy Pet,3 BHK,1278,2,1,53.76
Super built-up  Area,Krushi Nagar,2 BHK,1133,2,2,55
Plot  Area,Kukatpally,5 Bedroom,1560,5,1,145
Plot  Area,Kundanbagh,5 Bedroom,2900,5,2,90
Super built-up  Area,Lakdi-Ka-Pool,2 BHK,1170,2,1,51.99
Plot  Area,Lanco Hills,3 Bedroom,1200,3,3,200
Super built-up  Area,Laxmi Nagar,3 BHK,1697,3,2,94.79
Super built-up  Area,LB Nagar,3 BHK,1651,3,3,97.38
Super built-up  Area,Lingampally,3 BHK,1560,3,1,188
Super built-up  Area,Madhapur,3 BHK,1192,2,1,60
Built-up  Area,Madhura Nagar,2 BHK,1078,2,3,65
Plot  Area,Madinaguda,7 Bedroom,800,7,3,105
Super built-up  Area,Mallampet,2 BHK,1349,2,2,78
Plot  Area,Manikonda,9 Bedroom,2300,8,1,210
Super built-up  Area,Masab Tank,3 BHK,1680,3,2,120
Super built-up  Area,Masjid Banda,3 BHK,1314,2,2,63
Super built-up  Area,Matrusri Nagar,2 BHK,1060,2,1,48.7
Built-up  Area,Mayuri Nagar,2 BHK,820,2,0,39
Plot  Area,Medipally,4 Bedroom,5000,4,3,400
Super built-up  Area,Meerpet,3 BHK,2000,3,2,85
Super built-up  Area,Mehdipatnam,2 BHK,856,2,3,40
Super built-up  Area,Miyapur,3 BHK,1621,4,0,130
Plot  Area,Moosapet,3 Bedroom,1200,3,1,68.4
Super built-up  Area,Moti Nagar,3 BHK,1484,3,2,52.5
Plot  Area,Muppas Panchavati Colony,4 Bedroom,600,5,2,60
Plot  Area,Muzaffar Ahmad Nagar,4 Bedroom,14000,3,2,800
Super built-up  Area,Mythri Nagar,1 BHK,500,1,1,20
Super built-up  Area,Nagaram,1 BHK,485,1,1,15
Super built-up  Area,Nagole,2 BHK,1050,2,1,42
Super built-up  Area,Nallagandla,3 BHK,1617,3,3,66.68
Built-up  Area,Nallakunta,2 BHK,550,1,1,16
Built-up  Area,Nanakramguda,3 BHK,1384,3,2,62.28
Super built-up  Area,Narsingi,2 BHK,1408,2,2,85
Built-up  Area,Navodaya Colony,2 BHK,1150,2,1,49
Super built-up  Area,Neknampur,3 BHK,1410,2,2,75
Built-up  Area,New Sai Nagar Colony,4 BHK,2150,4,1,100
Super built-up  Area,Nizampet,3 BHK,2292,4,1,275
Built-up  Area,Osman Nagar,3 BHK,2006,3,,297
Built-up  Area,OU Colony,3 BHK,1508,3,2,70.25
Built-up  Area,Paparayadu Nagar,2 BHK,1040,2,2,50
Plot  Area,Patancheru,2 Bedroom,1240,2,1,60
Super built-up  Area,Patighanpur,3 BHK,1535,3,1,78
Built-up  Area,Peerzadiguda,2 BHK,1180,2,2,75
Built-up  Area,P Janardhan Reddy Nagar,6 Bedroom,2200,6,2,68
Super built-up  Area,PJR Layout,2 BHK,1400,2,2,78
Super built-up  Area,Pocharam,1 BHK,500,1,1,25
Plot  Area,Pragati Nagar,4 Bedroom,4800,4,3,525
Super built-up  Area,Prakash Nagar,3 BHK,1984,4,1,146
Plot  Area,Puppalaguda,4 Bedroom,3000,5,3,250
Super built-up  Area,Qutbullapur,3 BHK,1960,3,3,160
Super built-up  Area,Raghavendra Colony,2 BHK,1035,2,1,45
Built-up  Area,Rajarajeshwari Nagar,4 Bedroom,2150,4,1,80
Built-up  Area,Rajendra Nagar,3 BHK,1700,3,2,115
Super built-up  Area,Ramchandrapuram,4 BHK,3024,5,1,248
Super built-up  Area,Reti Bowli,3 BHK,1586,3,1,100
Built-up  Area,Sanath Nagar,3 Bedroom,2264,,,155
Plot  Area,Sanjeeva Reddy Nagar,4 Bedroom,2325,4,1,120
Super built-up  Area,Sardar Patel Nagar,2 BHK,1120,2,2,55
Super built-up  Area,Saroor Nagar,3 BHK,1440 - 1884,,,67.98
Super built-up  Area,Secretariat Colony,2 BHK,1128,2,2,59
Plot  Area,Serlingampally,6 Bedroom,1200,6,2,250
Super built-up  Area,Shaikpet,2 BHK,924,2,2,65
Super built-up  Area,Shamshabad,3 BHK,1600,3,2,52
Super built-up  Area,Shilpa Hills,2 BHK,1006,2,2,35
Super built-up  Area,Shilpa Nagar,2 BHK,1200,2,2,55
Super built-up  Area,Shirdi Sai Nagar,2 BHK,1250,2,1,62
Plot  Area,Somajiguda,3 Bedroom,1200,3,1,130
Built-up  Area,Sri Balaji Layout,2 BHK,957,2,1,56
Super built-up  Area,Srinagar Colony,2 BHK,1140,2,2,41
Super built-up  Area,Sri Nagar Colony,2 BHK,1050,2,1,67
Super built-up  Area,Sun City,3 BHK,1565,3,2,88.5
Super built-up  Area,Tellapur,2 BHK,1190,2,3,57
Built-up  Area,Tolichowki,3 Bedroom,2842,3,2,162
Built-up  Area,Tukkuguda,3 BHK,1558.67,2,2,65
Super built-up  Area,Upparpally,1 BHK,630,1,1,39
Super built-up  Area,Vasantha Nagar,3 BHK,1403,2,2,60.81
Super built-up  Area,Vasanth Nagar,3 BHK,1542,2,3,85
Built-up  Area,Vasanth Nagar Colony,4 Bedroom,2750,4,0,220
Super built-up  Area,Venkatraya Nagar,4 BHK,3596,5,1,290
Super built-up  Area,Vittal Rao Nagar,3 BHK,1635,2,,78
Super built-up  Area,Whitefield,2 BHK,1239,2,1,53
Super built-up  Area,YousufGuda,2 BHK,1194,2,2,47
Super built-up  Area,Addagutta,3 BHK,1596,3,1,105
Super built-up  Area,Adibatla,2 BHK,1009,2,1,38.34
Super built-up  Area,Alkapuri,3 BHK,1726,3,2,81.99
Super built-up  Area,Ambedkar Nagar,3 BHK,1535,3,2,86
Super built-up  Area,Ameerpet,3 BHK,1300,2,1,58.5
Plot  Area,Aminpur,4 Bedroom,3100,4,2,465
Super built-up  Area,Anjaiah Nagar,3 BHK,1800,3,3,80
Super built-up  Area,Anjaneya Nagar,1 BHK,665,1,0,50.75
Plot  Area,Appa Junction,9 Bedroom,4050,7,1,1200
Plot  Area,Arunodaya Colony,3 Bedroom,1500,2,1,100
Built-up  Area,Attapur,2 BHK,925,2,2,48
Super built-up  Area,Ayyappa Society,4 BHK,3356,4,,251
Super built-up  Area,Bachupally,2 BHK,1395,2,1,63.59
Super built-up  Area,Balaji Hills Colony,3 BHK,1415,2,1,55
Super built-up  Area,Bandam Kommu,3 BHK,1419,2,2,59
Super built-up  Area,Bandlaguda,2 BHK,1121,2,2,78
Super built-up  Area,Bangalore Highway,3 BHK,1082,2,1,45
Super built-up  Area,Banjara Hills,2 BHK,1100,2,1,47
Super built-up  Area,bowenpally,3 BHK,1606,3,3,89.55
Built-up  Area,Beeramguda,3 BHK,1650,3,2,88
Super built-up  Area,Begumpet,3 BHK,4634,4,3,1015
Super built-up  Area,Boduppal,2 BHK,1206,2,3,75
Built-up  Area,Camelot Layout,3 BHK,1495,2,0,64
Plot  Area,Chandanagar,8 Bedroom,840,7,2,195
Super built-up  Area,D.D. Colony,2 BHK,710,2,2,16
Super built-up  Area,Devender Colony,2 BHK,1210,2,1,72
Super built-up  Area,Dilsukh Nagar,3 BHK,1523,2,2,53.4
Super built-up  Area,Dullapally,2 BHK,1232,2,2,45
Super built-up  Area,Film Nagar,1 BHK,680,1,1,44
Super built-up  Area,Financial District,3 BHK,1355,3,1,83.87
Super built-up  Area,Friends Colony,3 BHK,1430,2,2,51.46
Super built-up  Area,Gachibowli,3 BHK,1275,2,2,43.85
Super built-up  Area,Gajulramaram,2 BHK,1070,2,1,56.1
Plot  Area,Gandhi Nagar,3 Bedroom,1200,3,1,85
Plot  Area,Gangaram,4 Bedroom,2000,4,0,120
Super built-up  Area,Gopanpally,2 BHK,1200,2,2,40
Super built-up  Area,Hafeezpet,3 BHK,1610,3,1,90
Super built-up  Area,Hanuman Nagar,2 BHK,1140,2,2,43
Super built-up  Area,Harithavanam Colony,2 BHK,1143,2,2,38.65
Super built-up  Area,Hi-Tech City,4 BHK,3467.86,6,3,249
Super built-up  Area,Himayat Nagar,3 BHK,1530,2,2,74.4
Super built-up  Area,HMT Swarnapuri Colony,2 BHK,980,2,2,69
Super built-up  Area,Huda Layout,3 BHK,1485,3,2,65
Plot  Area,Hyder Nagar,3 Bedroom,1500,3,1,130
Super built-up  Area,Hydershakote,2 BHK,1280,2,1,75
Super built-up  Area,Indira Nagar,2 BHK,1265,2,2,85
Built-up  Area,Isnapur,2 BHK,1132,2,1,67
Super built-up  Area,Jagruthi Colony,2 BHK,1262,2,2,63
Super built-up  Area,Jai Bharat Nagar,2 BHK,940,2,1,49
Super built-up  Area,Janardana Hills,3 BHK,1515,3,3,88
Super built-up  Area,Jubilee Hills,3 BHK,1300,3,3,150
Built-up  Area,Kapra,3 Bedroom,1840,3,1,69
Built-up  Area,Kavuri Hills,2 BHK,890,2,2,45
Super built-up  Area,Khairatabad,3 BHK,1655,3,2,86.06
Super built-up  Area,Khajaguda,3 BHK,2060,3,1,149
Super built-up  Area,Kistareddypet,3 BHK,1730,3,1,96
Built-up  Area,Kokapet,3 BHK,2195,4,2,127
Super built-up  Area,Kollur,3 BHK,1650,3,2,125
Plot  Area,Kollur Village,2 Bedroom,1200,2,0,71
Super built-up  Area,Kondapur,2 BHK,1079,2,1,32.37
Super built-up  Area,Kothaguda,2 BHK,1085,2,1,36
Built-up  Area,Kothapet,7 Bedroom,5000,7,,299
Super built-up  Area,KPHB,2 BHK,1075,2,1,51.5
Super built-up  Area,Krishna Reddy Pet,2 BHK,1380,2,1,80
Super built-up  Area,Krushi Nagar,3 BHK,1450,3,1,65
Super built-up  Area,Kukatpally,2 BHK,1200,2,2,78
Super built-up  Area,Kundanbagh,3 BHK,3200,4,,350
Super built-up  Area,Lakdi-Ka-Pool,3 BHK,1639,3,1,98.32
Super built-up  Area,Lanco Hills,2 BHK,1200,2,1,54
Super built-up  Area,Laxmi Nagar,3 BHK,1739,3,1,116
Built-up  Area,LB Nagar,4 Bedroom,4346,5,,500
Super built-up  Area,Lingampally,2 BHK,935,2,1,32.72
Super built-up  Area,Madhapur,1 RK,510,1,1,25.25
Plot  Area,Madhura Nagar,6 Bedroom,1200,6,3,180
Super built-up  Area,Madinaguda,2 BHK,1178,2,3,47
Built-up  Area,Mallampet,3 BHK,1375,2,1,50
Super built-up  Area,Manikonda,3 BHK,1065,2,1,33
Super built-up  Area,Masab Tank,3 BHK,1450,2,1,50.75
Built-up  Area,Masjid Banda,2 BHK,999,2,3,45
Super built-up  Area,Matrusri Nagar,2 BHK,4400,3,2,475
Plot  Area,Mayuri Nagar,5 Bedroom,1350,4,1,135
Built-up  Area,Medipally,2 BHK,1100,2,2,40
Super built-up  Area,Meerpet,3 BHK,1835,2,3,155
Super built-up  Area,Mehdipatnam,4 BHK,2090,4,0,95.1
Super built-up  Area,Miyapur,3 BHK,1519,3,1,93
Built-up  Area,Moosapet,3 BHK,1267,3,2,56
Super built-up  Area,Moti Nagar,2 BHK,1150,2,3,72.2
Super built-up  Area,Muppas Panchavati Colony,2 BHK,1146,2,1,70
Plot  Area,Muzaffar Ahmad Nagar,8 Bedroom,1200,7,0,235
Built-up  Area,Mythri Nagar,3 BHK,1550,3,3,65
Built-up  Area,Nagaram,2 BHK,850,1,1,18.5
Super built-up  Area,Nagole,3 BHK,2200,3,,187
Built-up  Area,Nallagandla,3 Bedroom,3329,3,2,330
Carpet  Area,Nallakunta,1 BHK,785,1,1,55
Super built-up  Area,Nanakramguda,3 BHK,2900,4,,300
Built-up  Area,Narsingi,3 BHK,1610,3,2,74
Super built-up  Area,Navodaya Colony,2 BHK,921,2,2,40
Plot  Area,Neknampur,3 Bedroom,850,3,2,95
Built-up  Area,New Sai Nagar Colony,5 Bedroom,2700,5,0,158
Super built-up  Area,Nizampet,3 BHK,1700,3,3,110
Built-up  Area,Osman Nagar,2 BHK,1020,2,2,35
Super built-up  Area,OU Colony,2 BHK,1090,2,3,52
Plot  Area,Paparayadu Nagar,4 Bedroom,3600,4,,300
Super built-up  Area,Patancheru,2 BHK,1027,2,2,44
Super built-up  Area,Patighanpur,2 BHK,1185,2,2,42.1
Super built-up  Area,Peerzadiguda,2 BHK,850,2,1,25
Built-up  Area,P Janardhan Reddy Nagar,2 BHK,1197,2,1,84
Super built-up  Area,PJR Layout,4 BHK,3500,3,3,450
Super built-up  Area,Pocharam,2 BHK,920,2,2,39.55
Super built-up  Area,Pragati Nagar,9 BHK,716Sq. Meter,9,1,296
Super built-up  Area,Prakash Nagar,2 BHK,1105,2,1,65
